{
  "type": "FeatureCollection",
  "name": "buildings",
  "features": [
    {
      "type": "Feature",
      "properties": {
        "NAME": "(Agnes) Kittlesby Hall",
        "ABB": "AKH",
        "Type": "Residence Hall",
        "Information": "<a href=\"https://wp.stolaf.edu/residencelife/hillkitt/\">Hilleboe and Kittelsby</a>, which are connected by a common entrance, offer the largest triple rooms on campus, and house around 360 first-year and upper class students.",
        "_layer": "St. Olaf Campus Buildings"
      },
      "geometry": {
        "type": "Polygon",
        "coordinates": [
          [
            [
              -93.1867429,
              44.4586614
            ],
            [
              -93.1868302,
              44.4587177
            ],
            [
              -93.1868537,
              44.4587002
            ],
            [
              -93.1869525,
              44.4587638
            ],
            [
              -93.1869299,
              44.458783
            ],
            [
              -93.1871915,
              44.4589518
            ],
            [
              -93.1872948,
              44.4590161
            ],
            [
              -93.1873406,
              44.4590438
            ],
            [
              -93.1872407,
              44.459125
            ],
            [
              -93.1871926,
              44.4590963
            ],
            [
              -93.1871697,
              44.4591163
            ],
            [
              -93.1870715,
              44.45905
            ],
            [
              -93.1870936,
              44.4590317
            ],
            [
              -93.1866379,
              44.4587387
            ],
            [
              -93.1866495,
              44.4587301
            ],
            [
              -93.186555,
              44.4586872
            ],
            [
              -93.1865529,
              44.4586037
            ],
            [
              -93.186581,
              44.4586042
            ],
            [
              -93.1866844,
              44.4586034
            ],
            [
              -93.1867429,
              44.4586614
            ]
          ]
        ]
      }
    },
    {
      "type": "Feature",
      "properties": {
        "NAME": "(Agnes) Larson Hall",
        "ABB": "ALH",
        "Type": "Residence Hall",
        "Information": "<a href=\"https://wp.stolaf.edu/residencelife/larson/\">Larson Hall</a> houses 307 students, including the college's international students. The circular arrangement of each floor in Larson creates a strong community atmosphere.",
        "_layer": "St. Olaf Campus Buildings"
      },
      "geometry": {
        "type": "Polygon",
        "coordinates": [
          [
            [
              -93.1846985,
              44.459952
            ],
            [
              -93.184698,
              44.4599134
            ],
            [
              -93.184757,
              44.4599019
            ],
            [
              -93.1847706,
              44.4599162
            ],
            [
              -93.1848442,
              44.4598962
            ],
            [
              -93.1848482,
              44.4598694
            ],
            [
              -93.1848131,
              44.4598636
            ],
            [
              -93.1848121,
              44.4598216
            ],
            [
              -93.1848201,
              44.4598215
            ],
            [
              -93.1848186,
              44.4597817
            ],
            [
              -93.1848564,
              44.4597679
            ],
            [
              -93.1849233,
              44.4597727
            ],
            [
              -93.1849288,
              44.4597871
            ],
            [
              -93.1849676,
              44.45979
            ],
            [
              -93.1849823,
              44.4597583
            ],
            [
              -93.1850623,
              44.4597632
            ],
            [
              -93.1850749,
              44.4597638
            ],
            [
              -93.1850829,
              44.4597966
            ],
            [
              -93.1851138,
              44.4598005
            ],
            [
              -93.1851133,
              44.4598415
            ],
            [
              -93.1851,
              44.4598446
            ],
            [
              -93.1850991,
              44.4598646
            ],
            [
              -93.1851487,
              44.4598751
            ],
            [
              -93.1851353,
              44.4599115
            ],
            [
              -93.1851286,
              44.4599116
            ],
            [
              -93.1851286,
              44.4599249
            ],
            [
              -93.1851378,
              44.459924
            ],
            [
              -93.1851114,
              44.4599805
            ],
            [
              -93.1850747,
              44.4599794
            ],
            [
              -93.1850746,
              44.4599758
            ],
            [
              -93.1850283,
              44.4599758
            ],
            [
              -93.1850211,
              44.4599968
            ],
            [
              -93.184977,
              44.4599968
            ],
            [
              -93.1849766,
              44.4599919
            ],
            [
              -93.1849666,
              44.4599921
            ],
            [
              -93.184966,
              44.4599958
            ],
            [
              -93.1849139,
              44.4599948
            ],
            [
              -93.1849096,
              44.4599681
            ],
            [
              -93.1848749,
              44.4599671
            ],
            [
              -93.1848481,
              44.4599786
            ],
            [
              -93.1848266,
              44.4600091
            ],
            [
              -93.184736,
              44.4599904
            ],
            [
              -93.1846985,
              44.459952
            ]
          ]
        ]
      }
    },
    {
      "type": "Feature",
      "properties": {
        "NAME": "(Agnes) Mellby Hall",
        "ABB": "AMH",
        "Type": "Residence Hall",
        "Information": "<a href=\"https://wp.stolaf.edu/residencelife/mellby/\">Mellby Hall</a> houses 190 students in a warm and comfortable atmosphere. Mellby is the oldest hall on campus and its historic appeal truly stands out. It features a kitchen, TV lounge, computer facilities, and a comfortable main lounge and fireplace.",
        "_layer": "St. Olaf Campus Buildings"
      },
      "geometry": {
        "type": "Polygon",
        "coordinates": [
          [
            [
              -93.1853713,
              44.4608728
            ],
            [
              -93.1851932,
              44.4608714
            ],
            [
              -93.185193,
              44.460799
            ],
            [
              -93.1851592,
              44.4607987
            ],
            [
              -93.1851603,
              44.4607373
            ],
            [
              -93.1851925,
              44.4607376
            ],
            [
              -93.1851933,
              44.4605885
            ],
            [
              -93.185194,
              44.4604346
            ],
            [
              -93.1851767,
              44.4604343
            ],
            [
              -93.1851769,
              44.4604014
            ],
            [
              -93.1851941,
              44.4604016
            ],
            [
              -93.1851957,
              44.4602605
            ],
            [
              -93.1853733,
              44.4602599
            ],
            [
              -93.1853733,
              44.4603658
            ],
            [
              -93.1853733,
              44.4604843
            ],
            [
              -93.185373,
              44.4605971
            ],
            [
              -93.1853719,
              44.460758
            ],
            [
              -93.1853713,
              44.4608728
            ]
          ]
        ]
      }
    },
    {
      "type": "Feature",
      "properties": {
        "NAME": "(Gertrude) Hillboe Hall",
        "ABB": "GHH",
        "Type": "Residence Hall",
        "Information": "<a href=\"https://wp.stolaf.edu/residencelife/hillkitt/\">Hilleboe and Kittelsby</a>, which are connected by a common entrance, offer the largest triple rooms on campus, and house around 360 first-year and upper class students.",
        "_layer": "St. Olaf Campus Buildings"
      },
      "geometry": {
        "type": "Polygon",
        "coordinates": [
          [
            [
              -93.1866844,
              44.4586034
            ],
            [
              -93.186581,
              44.4586042
            ],
            [
              -93.1865792,
              44.4585763
            ],
            [
              -93.1865219,
              44.4585767
            ],
            [
              -93.1865024,
              44.4581042
            ],
            [
              -93.186664,
              44.4581008
            ],
            [
              -93.1866817,
              44.4584996
            ],
            [
              -93.1868182,
              44.4584979
            ],
            [
              -93.1868217,
              44.4585818
            ],
            [
              -93.186684,
              44.4585849
            ],
            [
              -93.1866844,
              44.4586034
            ]
          ]
        ]
      }
    },
    {
      "type": "Feature",
      "properties": {
        "NAME": "(Tweet) Hall of Music",
        "ABB": "HOM",
        "Type": "Administrative & Academic",
        "Information": "The Hall of Music, which opened in February 2012, provides extended space for the Music Department. \r\n\r\n<br><br>Complementing Christiansen Hall of Music, the new Hall of Music (more commonly known as the \"Music Box\") hosts 36 practice rooms, including two concerto rooms with two grand pianos; four chamber music rehearsal spaces; a reed room for double reeds; a percussion suite; 12 faculty studios; and the Music Department office.\r\n\r\n<br><br>The Hall of Music connects with Alumni Hall to the west and the Center for Art and Dance (home to the Art/Art History and Dance departments) to the east.\r\n<br><br><b>Related Links</b>\r\n<ul><li><a href=\"https://wp.stolaf.edu/music\">Music Department</a></li>",
        "_layer": "St. Olaf Campus Buildings"
      },
      "geometry": {
        "type": "Polygon",
        "coordinates": [
          [
            [
              -93.1852094,
              44.4626655
            ],
            [
              -93.1852057,
              44.4624987
            ],
            [
              -93.1852828,
              44.4624988
            ],
            [
              -93.1852828,
              44.4624059
            ],
            [
              -93.1856645,
              44.4624059
            ],
            [
              -93.1856637,
              44.4626357
            ],
            [
              -93.1856637,
              44.4626661
            ],
            [
              -93.1852094,
              44.4626655
            ]
          ]
        ]
      }
    },
    {
      "type": "Feature",
      "properties": {
        "NAME": "Ade Christenson Complex",
        "ABB": "ACA",
        "Type": "Athletics",
        "Information": "The Ade Christenson Complex on the east side of campus is home to Klein Field at Manitou, the Manitou Track, and Tom Porter Hall.\r\n<br><br>The playing and running surfaces are first-class competition sites for the <a href=\"https://athletics.stolaf.edu/sports/football\">football</a> and <a href=\"https://athletics.stolaf.edu/sports/mens-track-and-field\">men's</a> and <a href=\"https://athletics.stolaf.edu/sports/womens-track-and-field\">women's</a> track and field teams. Two classrooms, locker rooms, an athletic training room, offices for coaches and staff, and a weight room make Tom Porter Hall a convenient home to the football, track and field, and <a href=\"https://athletics.stolaf.edu/sports/mens-ice-hockey\">men's</a> and <a href=\"https://athletics.stolaf.edu/sports/womens-ice-hockey\">women's</a> hockey teams.\r\n<br><br>The lobby overlooks the west end zone and track, and it has a clear view of the bleachers and press box. The venue is also the home of the college's <a href=\"https://wp.stolaf.edu/commencement/\">commencement</a> ceremonies.",
        "_layer": "St. Olaf Campus Buildings"
      },
      "geometry": {
        "type": "Polygon",
        "coordinates": [
          [
            [
              -93.1802672,
              44.4621246
            ],
            [
              -93.1802444,
              44.4621676
            ],
            [
              -93.1802176,
              44.4622106
            ],
            [
              -93.1801803,
              44.4622584
            ],
            [
              -93.180132,
              44.4623155
            ],
            [
              -93.1800958,
              44.4623435
            ],
            [
              -93.1800553,
              44.4623678
            ],
            [
              -93.1800054,
              44.4623951
            ],
            [
              -93.1799199,
              44.4624318
            ],
            [
              -93.1798392,
              44.4624541
            ],
            [
              -93.1797632,
              44.4624648
            ],
            [
              -93.1796957,
              44.4624693
            ],
            [
              -93.1781006,
              44.4624672
            ],
            [
              -93.1780979,
              44.4622915
            ],
            [
              -93.1780656,
              44.4622574
            ],
            [
              -93.1780205,
              44.4621943
            ],
            [
              -93.177998,
              44.4621552
            ],
            [
              -93.1779837,
              44.4621171
            ],
            [
              -93.177975,
              44.4620694
            ],
            [
              -93.1779737,
              44.4620325
            ],
            [
              -93.1779737,
              44.4620053
            ],
            [
              -93.1779797,
              44.4619545
            ],
            [
              -93.1779945,
              44.4618981
            ],
            [
              -93.1780152,
              44.4618532
            ],
            [
              -93.1780677,
              44.4617843
            ],
            [
              -93.1780934,
              44.4617505
            ],
            [
              -93.1781284,
              44.4617184
            ],
            [
              -93.1781521,
              44.4616982
            ],
            [
              -93.1778538,
              44.4615829
            ],
            [
              -93.1778505,
              44.4615152
            ],
            [
              -93.1783873,
              44.461516
            ],
            [
              -93.1783855,
              44.4614843
            ],
            [
              -93.178669,
              44.4614859
            ],
            [
              -93.1786683,
              44.4614389
            ],
            [
              -93.1789425,
              44.4614384
            ],
            [
              -93.1789439,
              44.4614177
            ],
            [
              -93.1792014,
              44.4614162
            ],
            [
              -93.1792,
              44.4614348
            ],
            [
              -93.1794756,
              44.4614358
            ],
            [
              -93.1794778,
              44.4614813
            ],
            [
              -93.1797635,
              44.4614802
            ],
            [
              -93.1797681,
              44.4615656
            ],
            [
              -93.1799051,
              44.4615673
            ],
            [
              -93.1800207,
              44.4615705
            ],
            [
              -93.1801126,
              44.4615888
            ],
            [
              -93.1802002,
              44.4616324
            ],
            [
              -93.1802528,
              44.4616939
            ],
            [
              -93.1802742,
              44.4617505
            ],
            [
              -93.1802672,
              44.4621246
            ]
          ]
        ]
      }
    },
    {
      "type": "Feature",
      "properties": {
        "NAME": "Alumni Hall",
        "ABB": "AHL",
        "Type": "Administrative & Academic",
        "Information": "Alumni Hall is home to the Advancement Divison, which includes the offices of Development, Annual Giving, Alumni and Parent Relations, Stewardship, and Advancement Services. Also house in the building are Marketing and Communication, College Events, and Music Orgnaizations, which provides support for the ensemble tours and Christmas Festival. As part of the Clemens V. Granskou Compex, named in the honor of the fifth president of St. Olaf College, Alumni Hall connects to the Hall of Music, which serves as an annex to Christiansen Hall of Music.",
        "_layer": "St. Olaf Campus Buildings"
      },
      "geometry": {
        "type": "Polygon",
        "coordinates": [
          [
            [
              -93.1856637,
              44.4626357
            ],
            [
              -93.1856645,
              44.4624059
            ],
            [
              -93.1857171,
              44.4624052
            ],
            [
              -93.1857155,
              44.4623637
            ],
            [
              -93.1859,
              44.4623631
            ],
            [
              -93.1859008,
              44.4624472
            ],
            [
              -93.1859479,
              44.4624483
            ],
            [
              -93.1859471,
              44.4625217
            ],
            [
              -93.1859016,
              44.4625211
            ],
            [
              -93.1859,
              44.4627178
            ],
            [
              -93.1857328,
              44.4627161
            ],
            [
              -93.1857336,
              44.4626354
            ],
            [
              -93.1856637,
              44.4626357
            ]
          ]
        ]
      }
    },
    {
      "type": "Feature",
      "properties": {
        "NAME": "Boe Memorial Chapel",
        "ABB": "BMC",
        "Type": "Administrative & Academic",
        "Information": "Worship is the primary purposes of Boe Chapel, which houses the Office of College Ministrat. During daily chapel services the community hears from faculty members, students and campus guests. And each Sunday morning while school is in session, the Student Congregation gathers for worship. Student and faculty musicians offer the fits and talents, not just as soloists but as members of bands, choirs, orchestras, and small ensembles.",
        "_layer": "St. Olaf Campus Buildings"
      },
      "geometry": {
        "type": "Polygon",
        "coordinates": [
          [
            [
              -93.1840017,
              44.4621601
            ],
            [
              -93.1838384,
              44.462159
            ],
            [
              -93.1838384,
              44.4621427
            ],
            [
              -93.1837113,
              44.4621426
            ],
            [
              -93.1837108,
              44.4621284
            ],
            [
              -93.1837106,
              44.4621026
            ],
            [
              -93.1837109,
              44.4620912
            ],
            [
              -93.1837954,
              44.4620919
            ],
            [
              -93.1837968,
              44.4617054
            ],
            [
              -93.1840714,
              44.4617052
            ],
            [
              -93.1840702,
              44.4620576
            ],
            [
              -93.1841014,
              44.4620576
            ],
            [
              -93.1841012,
              44.4620871
            ],
            [
              -93.1841441,
              44.4620872
            ],
            [
              -93.1841446,
              44.46212
            ],
            [
              -93.1841172,
              44.4621203
            ],
            [
              -93.1841172,
              44.4621877
            ],
            [
              -93.1840022,
              44.4621877
            ],
            [
              -93.1840017,
              44.4621601
            ]
          ]
        ]
      }
    },
    {
      "type": "Feature",
      "properties": {
        "NAME": "Buntrock Commons",
        "ABB": "BC",
        "Type": "Student Center, Visitor Center, & Dining",
        "Information": "With dining facilities, a bookstore, a post office, the Lion's Pause student club, and more, Buntrock Commons is the hub of campus. Learn more <a href=\"https://wp.stolaf.edu/buntrock/\">here</a>.\r\n\r\n<br><br><b>Related Links</b>\r\n<ul><li><a href=\"https://stolaf.bncollege.com/\">Bookstore</a></li>\r\n<li><a href=\"https://wp.stolaf.edu/buntrock/infodesk/\">Buntrock Commons Information Desk</a></li>\r\n<li><a href=\"https://wp.stolaf.edu/buntrock/eat/\">Ole Dining</a></li>\r\n<li><a href=\"https://wp.stolaf.edu/postoffice/\">Post Office</a></li>\r\n<li><a href=\"https://wp.stolaf.edu/sa/\">Student Activities</a></li>\r\n<li><a href=\"https://wp.stolaf.edu/taylorcenter/\">Taylor Center for Equity and Inclusion</a></li>\r\n</ul>",
        "_layer": "St. Olaf Campus Buildings"
      },
      "geometry": {
        "type": "Polygon",
        "coordinates": [
          [
            [
              -93.1821622,
              44.4620965
            ],
            [
              -93.1821619,
              44.4619121
            ],
            [
              -93.1822064,
              44.4619121
            ],
            [
              -93.1822076,
              44.4618785
            ],
            [
              -93.1826045,
              44.4618801
            ],
            [
              -93.1826015,
              44.4615252
            ],
            [
              -93.1826019,
              44.4614105
            ],
            [
              -93.1826,
              44.4613532
            ],
            [
              -93.1828675,
              44.4613531
            ],
            [
              -93.1828671,
              44.4613378
            ],
            [
              -93.1829306,
              44.4613376
            ],
            [
              -93.1829304,
              44.4616554
            ],
            [
              -93.1831209,
              44.4616591
            ],
            [
              -93.1835127,
              44.4616594
            ],
            [
              -93.1835125,
              44.4617108
            ],
            [
              -93.1835702,
              44.4617119
            ],
            [
              -93.1835701,
              44.4617206
            ],
            [
              -93.1837968,
              44.4617196
            ],
            [
              -93.1837967,
              44.4617493
            ],
            [
              -93.1835703,
              44.4617503
            ],
            [
              -93.1835704,
              44.4618183
            ],
            [
              -93.1835705,
              44.4621016
            ],
            [
              -93.1837106,
              44.4621026
            ],
            [
              -93.1837108,
              44.4621284
            ],
            [
              -93.1835705,
              44.4621275
            ],
            [
              -93.1835699,
              44.4621373
            ],
            [
              -93.1833951,
              44.4621375
            ],
            [
              -93.1831175,
              44.4621375
            ],
            [
              -93.1831166,
              44.4622002
            ],
            [
              -93.1829213,
              44.462201
            ],
            [
              -93.1829186,
              44.4621637
            ],
            [
              -93.1825895,
              44.4621495
            ],
            [
              -93.1824017,
              44.4621319
            ],
            [
              -93.1821622,
              44.4620965
            ]
          ]
        ]
      }
    },
    {
      "type": "Feature",
      "properties": {
        "NAME": "Center for Art and Dance",
        "ABB": "CAD",
        "Type": "Administrative & Academic",
        "Information": "In additional to housing classrooms, studios, and offices for the Art Department and Dance Department, the Center for Art and Dance is home to the Flaten Art Museum, which presents exhibits of renowned works and contains and extensive permanent collection of traditional and contemporary textiles, paintings, sculpture, ceramics, and works on paper.\r\n\r\n<br><br><b>Related Links</b>\r\n<ul><li><a href=\"https://wp.stolaf.edu/art/\">Art and Art History</a></li>\r\n<li><a href=\"https://wp.stolaf.edu/dance/\">Dance Department</a></li>\r\n<li><a href=\"https://wp.stolaf.edu/flaten/\">Flaten Art Museum</a></li>\r\n</ul>\r\n",
        "_layer": "St. Olaf Campus Buildings"
      },
      "geometry": {
        "type": "Polygon",
        "coordinates": [
          [
            [
              -93.1852082,
              44.4625776
            ],
            [
              -93.1852094,
              44.4626655
            ],
            [
              -93.1851286,
              44.4626654
            ],
            [
              -93.1851287,
              44.4627274
            ],
            [
              -93.1851971,
              44.4627274
            ],
            [
              -93.185197,
              44.4628922
            ],
            [
              -93.185114,
              44.4628919
            ],
            [
              -93.1851139,
              44.4629543
            ],
            [
              -93.1849998,
              44.4629544
            ],
            [
              -93.185,
              44.4630204
            ],
            [
              -93.1849784,
              44.4630204
            ],
            [
              -93.1849783,
              44.4629992
            ],
            [
              -93.1848979,
              44.4629996
            ],
            [
              -93.184898,
              44.4630633
            ],
            [
              -93.1848147,
              44.4630635
            ],
            [
              -93.1848147,
              44.4630587
            ],
            [
              -93.1847585,
              44.4630587
            ],
            [
              -93.1847583,
              44.4630253
            ],
            [
              -93.1848148,
              44.4630251
            ],
            [
              -93.1848146,
              44.4630052
            ],
            [
              -93.1844567,
              44.4630051
            ],
            [
              -93.1844566,
              44.4628559
            ],
            [
              -93.1845224,
              44.4628558
            ],
            [
              -93.1845184,
              44.4625012
            ],
            [
              -93.1851039,
              44.4624982
            ],
            [
              -93.1852057,
              44.4624987
            ],
            [
              -93.1852082,
              44.4625776
            ]
          ]
        ]
      }
    },
    {
      "type": "Feature",
      "properties": {
        "NAME": "Christiansen Hall of Music",
        "ABB": "CHM",
        "Type": "Administrative & Academic",
        "Information": "Christiansen Hall of Music is a home of the Music Department and part of the Music Organizations staff that supports concerts and tours by the ensembles.\r\n<br><br>Named after St. Olaf choir founder F. Melius Christiansen, the building houses Urness Recital Hall, the Margaret Skoglund Reception Room, the Halvorson Music Library, three ensemble rehearsal rooms, classrooms, practice rooms, faculty studios, and the electronic music studio.\r\n<br><br><b>Related Links</b>\r\n<ul><li><a href=\"https://wp.stolaf.edu/music/\">Music Department</a></li>\r\n<li><a href=\"https://christmas.stolaf.edu/\">Christmas Festival</a></li>",
        "_layer": "St. Olaf Campus Buildings"
      },
      "geometry": {
        "type": "Polygon",
        "coordinates": [
          [
            [
              -93.1858595,
              44.4621591
            ],
            [
              -93.1858595,
              44.4620988
            ],
            [
              -93.1857547,
              44.4620987
            ],
            [
              -93.1857544,
              44.4619355
            ],
            [
              -93.1863342,
              44.461935
            ],
            [
              -93.1863339,
              44.4615678
            ],
            [
              -93.1861907,
              44.4615675
            ],
            [
              -93.1861911,
              44.4613732
            ],
            [
              -93.1865716,
              44.4613732
            ],
            [
              -93.1865715,
              44.4615761
            ],
            [
              -93.1865394,
              44.4615761
            ],
            [
              -93.1865399,
              44.4616238
            ],
            [
              -93.1866146,
              44.4616229
            ],
            [
              -93.1866159,
              44.4617063
            ],
            [
              -93.1866346,
              44.4617053
            ],
            [
              -93.1866427,
              44.4617283
            ],
            [
              -93.186648,
              44.4617532
            ],
            [
              -93.1866414,
              44.46178
            ],
            [
              -93.1866293,
              44.461802
            ],
            [
              -93.1866134,
              44.461803
            ],
            [
              -93.186609,
              44.462005
            ],
            [
              -93.186517,
              44.4620049
            ],
            [
              -93.1865165,
              44.4620758
            ],
            [
              -93.1861815,
              44.4620759
            ],
            [
              -93.1861813,
              44.4621589
            ],
            [
              -93.1858595,
              44.4621591
            ]
          ]
        ]
      }
    },
    {
      "type": "Feature",
      "properties": {
        "NAME": "Ellingson Hall",
        "ABB": "EH",
        "Type": "Residence Hall",
        "Information": "<a href=\"https://wp.stolaf.edu/residencelife/ellingson/\">Ellingson Hall</a> is located on the Northeast side of campus near Mohn and Thorson Halls.  Ellingson Hall is a four story building housing 185 first-year students.  With centralized lounge spaces on every floor, Ellingson Hall offers an intellectual atmosphere for students to easily meet, study and hangout outside of their rooms.",
        "_layer": "St. Olaf Campus Buildings"
      },
      "geometry": {
        "type": "Polygon",
        "coordinates": [
          [
            [
              -93.1814443,
              44.4639625
            ],
            [
              -93.1813614,
              44.4639617
            ],
            [
              -93.1813617,
              44.4639881
            ],
            [
              -93.1807201,
              44.4639852
            ],
            [
              -93.1807202,
              44.4639364
            ],
            [
              -93.1806368,
              44.4639355
            ],
            [
              -93.1806358,
              44.4639605
            ],
            [
              -93.1805527,
              44.4639593
            ],
            [
              -93.1805542,
              44.4638532
            ],
            [
              -93.1806413,
              44.463854
            ],
            [
              -93.1806414,
              44.463879
            ],
            [
              -93.1807164,
              44.463879
            ],
            [
              -93.1807163,
              44.4638359
            ],
            [
              -93.1813586,
              44.4638386
            ],
            [
              -93.181359,
              44.4638932
            ],
            [
              -93.1814378,
              44.4638934
            ],
            [
              -93.1814378,
              44.4637881
            ],
            [
              -93.1816057,
              44.4637888
            ],
            [
              -93.1816022,
              44.4640591
            ],
            [
              -93.1814431,
              44.4640578
            ],
            [
              -93.1814443,
              44.4639625
            ]
          ]
        ]
      }
    },
    {
      "type": "Feature",
      "properties": {
        "NAME": "Flaten Art Barn",
        "ABB": "AB",
        "Type": "Administrative & Academic",
        "Information": "The <a href=\"https://wp.stolaf.edu/flatenartbarn/\">Flaten Art Barn</a>, which opened fall 2013 in its new location adjacent to the wind turbine, is a reconstruction of a 1932 building that served as the first home of the college's Art Department. It is named after its designer/builder and the founder of what is now the Department of Art and Art History, Arnold Flaten.",
        "_layer": "St. Olaf Campus Buildings"
      },
      "geometry": {
        "type": "Polygon",
        "coordinates": [
          [
            [
              -93.191258,
              44.4626711
            ],
            [
              -93.1910875,
              44.4626743
            ],
            [
              -93.1910827,
              44.4625529
            ],
            [
              -93.1912536,
              44.4625491
            ],
            [
              -93.191258,
              44.4626711
            ]
          ]
        ]
      }
    },
    {
      "type": "Feature",
      "properties": {
        "NAME": "Holland Hall",
        "ABB": "HH",
        "Type": "Administrative & Academic",
        "Information": "Holland Hall was dedicated in 1925 as part of the celebrations for the college's 50th anniversary. Architects for the building drew inspiration for the building's design from Mon-Saint-Michel, the fortress monastery on the coast of Normandy, France. In particular, they designed it to resemble the Merville - the monastery's assembly hall and dining area.\r\n\r\n<br><br>Although the power plant built in 1935 was the first building on campus to display the limestone-studded Norma Gothic style that has become the hallmark of the Hill, it wasn't until Holland Hall was built that the architectural style made its full impact.\r\n\r\n<br><br>Longtime faculty member Peter Olai Holland, who also served as the college's treasurer and director of finance, was St. Olaf President Lars W. Boe's \"right-hand man\".\r\n<br><br><b>Related Links</b>\r\n<ul><li><a href=\"https://wp.stolaf.edu/news/holland-hall-renovations-combine-classic-architecture-modern-technology\">St. Olaf College News - November 1, 2017: The new Holland Hall</a></li>",
        "_layer": "St. Olaf Campus Buildings"
      },
      "geometry": {
        "type": "Polygon",
        "coordinates": [
          [
            [
              -93.1818276,
              44.4600166
            ],
            [
              -93.181827,
              44.4600557
            ],
            [
              -93.1816604,
              44.4600547
            ],
            [
              -93.1816624,
              44.4598506
            ],
            [
              -93.1818112,
              44.4598496
            ],
            [
              -93.1818124,
              44.4598817
            ],
            [
              -93.1820438,
              44.4598791
            ],
            [
              -93.1820438,
              44.4598514
            ],
            [
              -93.182213,
              44.459851
            ],
            [
              -93.1822128,
              44.4599633
            ],
            [
              -93.1822935,
              44.4599632
            ],
            [
              -93.1822946,
              44.460078
            ],
            [
              -93.1820916,
              44.4600785
            ],
            [
              -93.182092,
              44.4600563
            ],
            [
              -93.1820442,
              44.4600571
            ],
            [
              -93.1820438,
              44.4600175
            ],
            [
              -93.1818276,
              44.4600166
            ]
          ]
        ]
      }
    },
    {
      "type": "Feature",
      "properties": {
        "NAME": "Hoyme Hall",
        "ABB": "HMH",
        "Type": "Residence Hall",
        "Information": "<a href=\"https://wp.stolaf.edu/residencelife/hoyme/\">Hoyme Hall</a> is a four-story hall housing 210 first-year students. The main lounge provides a striking view of the surrounding countryside as well as a wonderful space for studying and socializing. Students in the Great Conversation program live in Hoyme.",
        "_layer": "St. Olaf Campus Buildings"
      },
      "geometry": {
        "type": "Polygon",
        "coordinates": [
          [
            [
              -93.1869279,
              44.460844
            ],
            [
              -93.1869256,
              44.4607932
            ],
            [
              -93.1868772,
              44.4607931
            ],
            [
              -93.1868774,
              44.46075
            ],
            [
              -93.1868425,
              44.4607367
            ],
            [
              -93.1868438,
              44.460688
            ],
            [
              -93.1868571,
              44.4606802
            ],
            [
              -93.1868774,
              44.4606801
            ],
            [
              -93.1868786,
              44.4605799
            ],
            [
              -93.1868759,
              44.4605413
            ],
            [
              -93.1868316,
              44.4604995
            ],
            [
              -93.1867971,
              44.4605126
            ],
            [
              -93.1867501,
              44.4604707
            ],
            [
              -93.1867688,
              44.4604476
            ],
            [
              -93.1867107,
              44.4603976
            ],
            [
              -93.1866345,
              44.4603322
            ],
            [
              -93.1865543,
              44.4602631
            ],
            [
              -93.1865365,
              44.4602733
            ],
            [
              -93.186518,
              44.4602713
            ],
            [
              -93.1864787,
              44.4602379
            ],
            [
              -93.1864924,
              44.4602101
            ],
            [
              -93.1864562,
              44.4601806
            ],
            [
              -93.1864882,
              44.4601491
            ],
            [
              -93.1864497,
              44.4601115
            ],
            [
              -93.1864603,
              44.4601011
            ],
            [
              -93.1864803,
              44.4600963
            ],
            [
              -93.1865246,
              44.4601279
            ],
            [
              -93.1865634,
              44.4601153
            ],
            [
              -93.1868142,
              44.4603269
            ],
            [
              -93.1869951,
              44.4604788
            ],
            [
              -93.1870225,
              44.4605363
            ],
            [
              -93.1870853,
              44.4605807
            ],
            [
              -93.1873387,
              44.4605815
            ],
            [
              -93.1873388,
              44.4606572
            ],
            [
              -93.1871107,
              44.4606582
            ],
            [
              -93.187108,
              44.4606351
            ],
            [
              -93.1870196,
              44.4606342
            ],
            [
              -93.1870127,
              44.4607932
            ],
            [
              -93.1869644,
              44.4607929
            ],
            [
              -93.1869643,
              44.4608418
            ],
            [
              -93.1869279,
              44.460844
            ]
          ]
        ]
      }
    },
    {
      "type": "Feature",
      "properties": {
        "NAME": "Kildahl Hall",
        "ABB": "KH",
        "Type": "Residence Hall",
        "Information": "<a href=\"https://wp.stolaf.edu/residencelife/kildahl/\">Kildahl Hall</a> offers a friendly, comfortable atmosphere for 168 students. The main lounge serves as the center of community, offering many activities and late night conversations around the fireplace. Kildahl is equipped with lofted beds, computer facilities, and a strong community that is ideal for studying and socializing.",
        "_layer": "St. Olaf Campus Buildings"
      },
      "geometry": {
        "type": "Polygon",
        "coordinates": [
          [
            [
              -93.183786,
              44.4637288
            ],
            [
              -93.1836275,
              44.4637288
            ],
            [
              -93.1836279,
              44.4636666
            ],
            [
              -93.1830724,
              44.4636658
            ],
            [
              -93.1830727,
              44.4636425
            ],
            [
              -93.1830004,
              44.4636425
            ],
            [
              -93.1830005,
              44.4636664
            ],
            [
              -93.1829047,
              44.4636677
            ],
            [
              -93.182906,
              44.4635199
            ],
            [
              -93.1830087,
              44.4635192
            ],
            [
              -93.1830087,
              44.4635425
            ],
            [
              -93.1830635,
              44.4635422
            ],
            [
              -93.1830643,
              44.4635244
            ],
            [
              -93.1836861,
              44.4635249
            ],
            [
              -93.1836852,
              44.463549
            ],
            [
              -93.1839167,
              44.4635487
            ],
            [
              -93.1839149,
              44.4636226
            ],
            [
              -93.1837862,
              44.4636224
            ],
            [
              -93.183786,
              44.4637288
            ]
          ]
        ]
      }
    },
    {
      "type": "Feature",
      "properties": {
        "NAME": "Madson Facilities Building",
        "ABB": "MFB",
        "Type": "Administrative",
        "Information": "The Norman E. Madson building houses the offices of the <a href=\"https://wp.stolaf.edu/facilities/\">Facilities Department</a> and the college's power plant.",
        "_layer": "St. Olaf Campus Buildings"
      },
      "geometry": {
        "type": "MultiPolygon",
        "coordinates": [
          [
            [
              [
                -93.1806818,
                44.4612269
              ],
              [
                -93.1808523,
                44.461174
              ],
              [
                -93.1809347,
                44.4613049
              ],
              [
                -93.1807643,
                44.4613589
              ],
              [
                -93.1806818,
                44.4612269
              ]
            ]
          ],
          [
            [
              [
                -93.1809223,
                44.4620449
              ],
              [
                -93.1809228,
                44.4618423
              ],
              [
                -93.1813203,
                44.4618424
              ],
              [
                -93.1813202,
                44.4620336
              ],
              [
                -93.1813789,
                44.4620336
              ],
              [
                -93.1813791,
                44.4621901
              ],
              [
                -93.1811312,
                44.4621911
              ],
              [
                -93.1811317,
                44.4620451
              ],
              [
                -93.1809223,
                44.4620449
              ]
            ]
          ]
        ]
      }
    },
    {
      "type": "Feature",
      "properties": {
        "NAME": "Mohn Hall",
        "ABB": "MH",
        "Type": "Residence Hall",
        "Information": "One of the two towers on campus, <a href=\"https://wp.stolaf.edu/residencelife/mohn/\">Mohn Hall</a> is a ten-story residence hall housing 307 students. The hall, which traditionally houses first-year and upperclass students by floor, offers a main lounge, a recreational room, and a piano room. The circular arrangement of each corridor creates a strong community atmosphere.",
        "_layer": "St. Olaf Campus Buildings"
      },
      "geometry": {
        "type": "Polygon",
        "coordinates": [
          [
            [
              -93.1819863,
              44.4638083
            ],
            [
              -93.1819273,
              44.4637949
            ],
            [
              -93.1819301,
              44.4637756
            ],
            [
              -93.1818938,
              44.463768
            ],
            [
              -93.1818935,
              44.4636915
            ],
            [
              -93.1819352,
              44.4636846
            ],
            [
              -93.1819354,
              44.4636283
            ],
            [
              -93.1819622,
              44.4635717
            ],
            [
              -93.1820561,
              44.4635708
            ],
            [
              -93.1820494,
              44.4635985
            ],
            [
              -93.1820909,
              44.4636053
            ],
            [
              -93.1821392,
              44.4635469
            ],
            [
              -93.1821701,
              44.4635536
            ],
            [
              -93.1821728,
              44.463545
            ],
            [
              -93.1822129,
              44.463545
            ],
            [
              -93.1822385,
              44.463612
            ],
            [
              -93.1821714,
              44.4636253
            ],
            [
              -93.182166,
              44.4636368
            ],
            [
              -93.1822102,
              44.4636456
            ],
            [
              -93.1822119,
              44.46368
            ],
            [
              -93.182221,
              44.4636819
            ],
            [
              -93.1822188,
              44.4637172
            ],
            [
              -93.1821713,
              44.4637267
            ],
            [
              -93.1821717,
              44.4637508
            ],
            [
              -93.1821953,
              44.4637544
            ],
            [
              -93.1821694,
              44.4638394
            ],
            [
              -93.1820641,
              44.4638445
            ],
            [
              -93.182064,
              44.4638254
            ],
            [
              -93.1820252,
              44.4638243
            ],
            [
              -93.1820251,
              44.4637927
            ],
            [
              -93.1819956,
              44.463788
            ],
            [
              -93.1819863,
              44.4638083
            ]
          ]
        ]
      }
    },
    {
      "type": "Feature",
      "properties": {
        "NAME": "New Hall",
        "ABB": " ",
        "Type": "Residence Hall",
        "Information": "New Hall offers 300 student beds with 30 single rooms (three accessible rooms) along with 135 double rooms. Learn more about the <a href=\"https://wp.stolaf.edu/residencelife/new-hall/\">amenities and accommodations</a> available",
        "_layer": "St. Olaf Campus Buildings"
      },
      "geometry": {
        "type": "Polygon",
        "coordinates": [
          [
            [
              -93.1782795,
              44.459902
            ],
            [
              -93.1782781,
              44.4598378
            ],
            [
              -93.1784713,
              44.4598369
            ],
            [
              -93.1784715,
              44.4597718
            ],
            [
              -93.1789822,
              44.4597717
            ],
            [
              -93.1789823,
              44.4598369
            ],
            [
              -93.1791526,
              44.4598369
            ],
            [
              -93.1791527,
              44.4599
            ],
            [
              -93.1792559,
              44.4599
            ],
            [
              -93.1792559,
              44.4601125
            ],
            [
              -93.1796475,
              44.4601116
            ],
            [
              -93.1796475,
              44.4602102
            ],
            [
              -93.1796676,
              44.4602102
            ],
            [
              -93.1796689,
              44.4602418
            ],
            [
              -93.1795992,
              44.4602418
            ],
            [
              -93.1795992,
              44.4602848
            ],
            [
              -93.1791432,
              44.4602849
            ],
            [
              -93.1791433,
              44.4602743
            ],
            [
              -93.1791004,
              44.4602743
            ],
            [
              -93.1791004,
              44.4602829
            ],
            [
              -93.1789891,
              44.4602829
            ],
            [
              -93.178989,
              44.4602054
            ],
            [
              -93.1790494,
              44.4602054
            ],
            [
              -93.179048,
              44.4601164
            ],
            [
              -93.1790104,
              44.4601164
            ],
            [
              -93.1790104,
              44.4599039
            ],
            [
              -93.1789273,
              44.4599039
            ],
            [
              -93.1789286,
              44.4599393
            ],
            [
              -93.1784808,
              44.4599402
            ],
            [
              -93.1784807,
              44.4599067
            ],
            [
              -93.1784338,
              44.4599068
            ],
            [
              -93.1784351,
              44.4601509
            ],
            [
              -93.1782366,
              44.460151
            ],
            [
              -93.1782367,
              44.4601202
            ],
            [
              -93.1781977,
              44.4601202
            ],
            [
              -93.1781964,
              44.4599019
            ],
            [
              -93.1782795,
              44.459902
            ]
          ]
        ]
      }
    },
    {
      "type": "Feature",
      "properties": {
        "NAME": "Old Main",
        "ABB": "OM",
        "Type": "Administrative & Academic",
        "Information": "Built in 1877, Old Main was the first - and originally the only - building to occupy Manitou Heights, containing classrooms, a library, housing for  students and faculty, and a dining room.\r\n\r\n<br><br>Through the years, Old Main has housed various departments in the humanities and now is home to the <a href=\"https://wp.stolaf.edu/religion/\">Religion Department</a>.\r\n\r\n<br><br>The hill to the east of the building is a popular sledding venue for students and local neighbors.",
        "_layer": "St. Olaf Campus Buildings"
      },
      "geometry": {
        "type": "Polygon",
        "coordinates": [
          [
            [
              -93.1804173,
              44.4594762
            ],
            [
              -93.18017,
              44.4594793
            ],
            [
              -93.1801722,
              44.4593649
            ],
            [
              -93.180126,
              44.4593638
            ],
            [
              -93.1801259,
              44.4593503
            ],
            [
              -93.1800627,
              44.4593497
            ],
            [
              -93.1800644,
              44.45932
            ],
            [
              -93.180126,
              44.45932
            ],
            [
              -93.1801264,
              44.459304
            ],
            [
              -93.1801739,
              44.4593037
            ],
            [
              -93.1801734,
              44.4591829
            ],
            [
              -93.1804194,
              44.4591853
            ],
            [
              -93.1804185,
              44.4593121
            ],
            [
              -93.1804589,
              44.4593126
            ],
            [
              -93.1804577,
              44.4593535
            ],
            [
              -93.1804199,
              44.4593536
            ],
            [
              -93.1804173,
              44.4594762
            ]
          ]
        ]
      }
    },
    {
      "type": "Feature",
      "properties": {
        "NAME": "President's House",
        "ABB": " ",
        "Type": "Administrative",
        "Information": null,
        "_layer": "St. Olaf Campus Buildings"
      },
      "geometry": {
        "type": "Polygon",
        "coordinates": [
          [
            [
              -93.1804535,
              44.4580487
            ],
            [
              -93.1803265,
              44.4580495
            ],
            [
              -93.1803253,
              44.4580183
            ],
            [
              -93.1802306,
              44.4580183
            ],
            [
              -93.1802336,
              44.4580902
            ],
            [
              -93.1800238,
              44.4580923
            ],
            [
              -93.1800226,
              44.4579648
            ],
            [
              -93.1800807,
              44.4579648
            ],
            [
              -93.1800795,
              44.4578446
            ],
            [
              -93.1804511,
              44.4578429
            ],
            [
              -93.1804535,
              44.4580487
            ]
          ]
        ]
      }
    },
    {
      "type": "Feature",
      "properties": {
        "NAME": "Pump House",
        "ABB": " ",
        "Type": "Administrative",
        "Information": null,
        "_layer": "St. Olaf Campus Buildings"
      },
      "geometry": {
        "type": "Polygon",
        "coordinates": [
          [
            [
              -93.180616,
              44.4605422
            ],
            [
              -93.1806175,
              44.4606324
            ],
            [
              -93.180519,
              44.4606324
            ],
            [
              -93.1805177,
              44.4605431
            ],
            [
              -93.180616,
              44.4605422
            ]
          ]
        ]
      }
    },
    {
      "type": "Feature",
      "properties": {
        "NAME": "Rand Hall",
        "ABB": "RH",
        "Type": "Residence Hall",
        "Information": "<a href=\"https://wp.stolaf.edu/residencelife/rand/\">Rand Hall</a>, nestled into the north face of Manitou Heights, houses 243 upper-class men and women. A variety of living options are available in Rand including single, double, and quad occupancy rooms. Suites share their own bathrooms. The hillside location offers a beautiful view of the woods and fields surrounding the college.",
        "_layer": "St. Olaf Campus Buildings"
      },
      "geometry": {
        "type": "Polygon",
        "coordinates": [
          [
            [
              -93.1839403,
              44.4640625
            ],
            [
              -93.1839418,
              44.4641259
            ],
            [
              -93.1840249,
              44.464124
            ],
            [
              -93.1840261,
              44.4641756
            ],
            [
              -93.1839496,
              44.4641766
            ],
            [
              -93.1839621,
              44.4646083
            ],
            [
              -93.1844552,
              44.4646009
            ],
            [
              -93.1844442,
              44.4642178
            ],
            [
              -93.1845142,
              44.4642166
            ],
            [
              -93.1845144,
              44.4641873
            ],
            [
              -93.1846323,
              44.4641863
            ],
            [
              -93.1846337,
              44.4642446
            ],
            [
              -93.1847075,
              44.4642434
            ],
            [
              -93.1847127,
              44.4643987
            ],
            [
              -93.1846452,
              44.4644
            ],
            [
              -93.1846459,
              44.4644668
            ],
            [
              -93.1847817,
              44.4644647
            ],
            [
              -93.1847873,
              44.4646258
            ],
            [
              -93.1846491,
              44.4646276
            ],
            [
              -93.1846497,
              44.4646841
            ],
            [
              -93.1845543,
              44.4646845
            ],
            [
              -93.1845561,
              44.4647338
            ],
            [
              -93.1844001,
              44.4647361
            ],
            [
              -93.1844027,
              44.4648355
            ],
            [
              -93.1841848,
              44.4648382
            ],
            [
              -93.1841829,
              44.4647825
            ],
            [
              -93.1841008,
              44.4647825
            ],
            [
              -93.1841021,
              44.4648371
            ],
            [
              -93.1838721,
              44.4648409
            ],
            [
              -93.1838706,
              44.4647825
            ],
            [
              -93.1838049,
              44.4647835
            ],
            [
              -93.1838035,
              44.4647334
            ],
            [
              -93.1837824,
              44.4647339
            ],
            [
              -93.183778,
              44.4646193
            ],
            [
              -93.18371,
              44.4646199
            ],
            [
              -93.1837083,
              44.4645748
            ],
            [
              -93.1836317,
              44.4645757
            ],
            [
              -93.1836278,
              44.4644084
            ],
            [
              -93.1837095,
              44.4644073
            ],
            [
              -93.1837081,
              44.4643461
            ],
            [
              -93.1836189,
              44.4643473
            ],
            [
              -93.1836129,
              44.4641881
            ],
            [
              -93.1837553,
              44.4641853
            ],
            [
              -93.1837527,
              44.4641165
            ],
            [
              -93.1837888,
              44.4641163
            ],
            [
              -93.1837874,
              44.4640915
            ],
            [
              -93.1838504,
              44.4640915
            ],
            [
              -93.1838505,
              44.4640647
            ],
            [
              -93.1839403,
              44.4640625
            ]
          ]
        ]
      }
    },
    {
      "type": "Feature",
      "properties": {
        "NAME": "Regents Hall of Mathematical Sciences",
        "ABB": "RMS",
        "Type": "Administrative & Academic",
        "Information": "This building was renovated as part of the same project that opened Regents Hall in 2008. \r\n\r\n<br><br>The building - along with the adjacent Regents Hall of Natural Sciences - has become an invaluable teaching tool for the nearly 40 percent of St. Olaf students who pursue a major or concentration in the natural sciences or mathematics.\r\n\r\n<br><br><b>Related Links</b>\r\n<ul><li><a href=\"https://wp.stolaf.edu/cs/\">Computer Science</a></li>\r\n<li><a href=\"https://wp.stolaf.edu/mathbio/\">Mathematical Biology</a></li>\r\n<li><a href=\"https://wp.stolaf.edu/math/\">Mathematics</a></li>\r\n<li><a href=\"https://wp.stolaf.edu/statistics/\">Statistics</a></li>",
        "_layer": "St. Olaf Campus Buildings"
      },
      "geometry": {
        "type": "Polygon",
        "coordinates": [
          [
            [
              -93.1832791,
              44.4597385
            ],
            [
              -93.1829074,
              44.4597378
            ],
            [
              -93.1829084,
              44.4596226
            ],
            [
              -93.1832812,
              44.4596249
            ],
            [
              -93.1832791,
              44.4597385
            ]
          ]
        ]
      }
    },
    {
      "type": "Feature",
      "properties": {
        "NAME": "Regents Hall of Natural Sciences",
        "ABB": "RNS",
        "Type": "Administrative & Academic",
        "Information": "With such features as a green roof, aggressive daylighting, and the minimization of chemical and biological waste, LEED Platinum-certified Regents Hall is not simply a model for responsible environmental stewardship, but a daily working example of sustainability in practice.\r\n\r\n<br><br>Since opening in fall 2008, the building - along with the adjacent Regents Hall of Mathematical Sciences - has become an invaluable teaching tool for nearly 40 percent of St. Olaf students who pursue a major or concentration in the natural sciences or mathematics.\r\n<br><br><b>Related Links</b>\r\n<ul><li><a href=\"https://wp.stolaf.edu/biology/\">Biology</a></li>\r\n<li><a href=\"https://wp.stolaf.edu/bmols/\">Biomolecular Science</a></li>\r\n<li><a href=\"https://wp.stolaf.edu/chemistry/\">Chemistry</a></li>\r\n<li><a href=\"https://wp.stolaf.edu/environmental-studies/\">Environmental Studies</a></li>\r\n<li><a href=\"https://wp.stolaf.edu/mathbio/\">Mathematical Biology</a></li>\r\n<li><a href=\"https://wp.stolaf.edu/naturallands/\">Natural Lands</a></li>\r\n<li><a href=\"https://wp.stolaf.edu/neuroscience/\">Neuroscience</a></li>\r\n<li><a href=\"https://wp.stolaf.edu/nursing/\">Nursing</a></li>\r\n<li><a href=\"https://wp.stolaf.edu/physics/\">Physics</a></li>\r\n<li><a href=\"https://wp.stolaf.edu/psych/\">Psychology</a></li>",
        "_layer": "St. Olaf Campus Buildings"
      },
      "geometry": {
        "type": "Polygon",
        "coordinates": [
          [
            [
              -93.1825094,
              44.4594556
            ],
            [
              -93.1824413,
              44.4594538
            ],
            [
              -93.1823735,
              44.4594531
            ],
            [
              -93.1822605,
              44.4594496
            ],
            [
              -93.1822627,
              44.4593916
            ],
            [
              -93.1815848,
              44.4593721
            ],
            [
              -93.181586,
              44.4592757
            ],
            [
              -93.1815381,
              44.4592738
            ],
            [
              -93.1815358,
              44.4592475
            ],
            [
              -93.1811202,
              44.4592478
            ],
            [
              -93.1808909,
              44.4592575
            ],
            [
              -93.1808877,
              44.4591928
            ],
            [
              -93.1807521,
              44.4591954
            ],
            [
              -93.1807674,
              44.4591351
            ],
            [
              -93.1806528,
              44.4591377
            ],
            [
              -93.1806453,
              44.4590887
            ],
            [
              -93.1806494,
              44.45906
            ],
            [
              -93.180662,
              44.4590319
            ],
            [
              -93.1806795,
              44.4590048
            ],
            [
              -93.1808153,
              44.4589998
            ],
            [
              -93.1808419,
              44.4589548
            ],
            [
              -93.180889,
              44.458953
            ],
            [
              -93.1808833,
              44.4589348
            ],
            [
              -93.1811121,
              44.4589392
            ],
            [
              -93.1812946,
              44.4589487
            ],
            [
              -93.1814352,
              44.4589665
            ],
            [
              -93.1815605,
              44.4589936
            ],
            [
              -93.1815708,
              44.4589378
            ],
            [
              -93.1817822,
              44.4589389
            ],
            [
              -93.1817427,
              44.4590402
            ],
            [
              -93.1818931,
              44.4590719
            ],
            [
              -93.1820373,
              44.4590844
            ],
            [
              -93.1823167,
              44.4590838
            ],
            [
              -93.1823129,
              44.4591033
            ],
            [
              -93.1824173,
              44.4591058
            ],
            [
              -93.182415,
              44.459157
            ],
            [
              -93.1825878,
              44.4591554
            ],
            [
              -93.1825912,
              44.4593036
            ],
            [
              -93.1825868,
              44.459328
            ],
            [
              -93.1825153,
              44.4593271
            ],
            [
              -93.1825094,
              44.4594556
            ]
          ]
        ]
      }
    },
    {
      "type": "Feature",
      "properties": {
        "NAME": "Rolvaag Memorial Library",
        "ABB": "RML",
        "Type": "Administrative & Academic",
        "Information": "Completed in 1942 and named in honor of 1905 alumnus Ole Rolvaag, former St. Olaf professor of Norwegian and author of Giants in the Earth, Rolvaag Library is the largest of three libraries on the St. Olaf campus (the others are the Hustad Science Library in Regents Hall and then Halvorson Music Library in Christiansen Hall of Music).\r\n\r\n<br><br>Special Collections and College Archives are located on the second floor of Rolvaag Memorial Library. The <a href=\"https://wp.stolaf.edu/library/music-library/\">Halvorson Music Library</a> is located in the Christiansen Hall of Music.\r\n\r\n<br><br>The fourth floor of Rolvaag is home to the Information Technology (IT) Department and the Digital Scholarship Center (DiSCO), which provides the campus community assistance with technology and digital scholarship.\r\n\r\n<br><br>The English Department and classrooms are located on the fifth floor of the library in the original section of the building.\r\n\r\n<br><br><b>Related Links</b>\r\n<li><a href=\"https://wp.stolaf.edu/archives/\">College Archives</a></li>\r\n<li><a href=\"https://wp.stolaf.edu/disco/\">Digital Scholarship Center (DiSCO)</a></li>\r\n<li><a href=\"https://wp.stolaf.edu/english/\">English Department</a></li>\r\n<li><a href=\"https://wp.stolaf.edu/it/\">Information Technology (IT)</a></li>\r\n<li><a href=\"https://wp.stolaf.edu/kierkegaard/\">Hong Kierkegaard Library</a> - The Hong Kierkegaard Library is now located in Steensland Hall</li>\r\n<li><a href=\"https://stolafcarleton.teamdynamix.com/TDClient/1893/StOlaf/Home/\">Information Technology (IT) Helpdesk</a></li>\r\n<li><a href=\"https://norwegianamericanhistory.org/\">Norwegian American Historical Association (NAHA)</a></li>\r\n<li><a href=\"https://wp.stolaf.edu/library/special-collections/\">Special Collections</a></li>",
        "_layer": "St. Olaf Campus Buildings"
      },
      "geometry": {
        "type": "Polygon",
        "coordinates": [
          [
            [
              -93.1816592,
              44.4610468
            ],
            [
              -93.1818281,
              44.4610467
            ],
            [
              -93.1818254,
              44.4610812
            ],
            [
              -93.1821715,
              44.4610811
            ],
            [
              -93.1821727,
              44.4610581
            ],
            [
              -93.1822478,
              44.4610566
            ],
            [
              -93.1822481,
              44.4610927
            ],
            [
              -93.1823738,
              44.4610936
            ],
            [
              -93.1823767,
              44.461332
            ],
            [
              -93.182438,
              44.4613329
            ],
            [
              -93.1824376,
              44.4614086
            ],
            [
              -93.1826019,
              44.4614105
            ],
            [
              -93.1826015,
              44.4615252
            ],
            [
              -93.1825011,
              44.4615248
            ],
            [
              -93.182452,
              44.461561
            ],
            [
              -93.1823595,
              44.4615607
            ],
            [
              -93.1823564,
              44.4616364
            ],
            [
              -93.182319,
              44.4616355
            ],
            [
              -93.182319,
              44.4616671
            ],
            [
              -93.1822815,
              44.4616672
            ],
            [
              -93.1822814,
              44.4616938
            ],
            [
              -93.182244,
              44.4616938
            ],
            [
              -93.1822439,
              44.4617206
            ],
            [
              -93.181938,
              44.4617206
            ],
            [
              -93.1819381,
              44.4616938
            ],
            [
              -93.1819005,
              44.4616938
            ],
            [
              -93.1819005,
              44.4616709
            ],
            [
              -93.181863,
              44.4616708
            ],
            [
              -93.1818628,
              44.4616479
            ],
            [
              -93.1818255,
              44.4616478
            ],
            [
              -93.1818254,
              44.4615675
            ],
            [
              -93.1818026,
              44.4615655
            ],
            [
              -93.1818026,
              44.4615005
            ],
            [
              -93.1818803,
              44.4615006
            ],
            [
              -93.1818791,
              44.4614602
            ],
            [
              -93.1818524,
              44.4614603
            ],
            [
              -93.1818521,
              44.4613418
            ],
            [
              -93.1818903,
              44.4613415
            ],
            [
              -93.1818897,
              44.4612994
            ],
            [
              -93.1818121,
              44.4612985
            ],
            [
              -93.1818135,
              44.4613062
            ],
            [
              -93.1816644,
              44.4613072
            ],
            [
              -93.1816592,
              44.4610468
            ]
          ]
        ]
      }
    },
    {
      "type": "Feature",
      "properties": {
        "NAME": "Skifter Hall",
        "ABB": "SKH",
        "Type": "Administrative & Academic",
        "Information": "Hector Skifter Hall houses the administrative offices for Broadcast Media and extended practice/studio space for the <a href=\"https://wp.stolaf.edu/music/\">Music Department</a>. Home to the college's organ studies, Skifter Hall has been specifically redesigned and renovated to house several practice organs and rehearsal spaces acoustically engineered for the instrument.\r\n\r\n<br><br>The Tormodsgaard-Bakken Recital Hall (Studio A) contains a Dobson three-manual tracker organ and is used for studio sessions, musical instruction, and rehearsals.",
        "_layer": "St. Olaf Campus Buildings"
      },
      "geometry": {
        "type": "Polygon",
        "coordinates": [
          [
            [
              -93.1857786,
              44.4618356
            ],
            [
              -93.1857789,
              44.4618156
            ],
            [
              -93.185741,
              44.4618139
            ],
            [
              -93.1857536,
              44.4614278
            ],
            [
              -93.1860133,
              44.4614319
            ],
            [
              -93.186012,
              44.4614872
            ],
            [
              -93.1860106,
              44.4615354
            ],
            [
              -93.1860072,
              44.4616383
            ],
            [
              -93.1858849,
              44.4616366
            ],
            [
              -93.185878,
              44.4618147
            ],
            [
              -93.1858423,
              44.4618146
            ],
            [
              -93.1858408,
              44.4618362
            ],
            [
              -93.1857786,
              44.4618356
            ]
          ]
        ]
      }
    },
    {
      "type": "Feature",
      "properties": {
        "NAME": "Skoglund Athletic Center and Auditorium",
        "ABB": "SAC",
        "Type": "Athletics",
        "Information": "Skoglund Center hosts varsity basketball and volleyball games in its 2008-seat arena, and its natatorium is home to the swimming and diving teams. \r\n\r\n<br><br><li><a href=\"https://athletics.stolaf.edu/sports/mens-basketball\">Men's Basketball</a></li>\r\n<li><a href=\"https://athletics.stolaf.edu/sports/womens-basketball\">Women's Basketball</a></li>\r\n<li><a href=\"https://athletics.stolaf.edu/sports/womens-volleyball/\">Volleyball</a></li>\r\n\r\n<br>Skoglund also has a field house, racquetball courts, wrestling room, locker rooms, an athletic training room, and is home to the <a href=\"https://wp.stolaf.edu/kinesiology/\">Kinesiology Department</a>. Outdoor tennis courts are located behind the building, near the softball, baseball and soccer fields.\r\n\r\n<br><br>In addition to housing athletics, Skoglund Center is used for large ensemble performances - including the annual St. Olaf <a href=\"https://christmas.stolaf.edu/\">Christmas Festival</a>.",
        "_layer": "St. Olaf Campus Buildings"
      },
      "geometry": {
        "type": "Polygon",
        "coordinates": [
          [
            [
              -93.1876798,
              44.4630709
            ],
            [
              -93.1876825,
              44.4635854
            ],
            [
              -93.187134,
              44.4635852
            ],
            [
              -93.1871346,
              44.4630722
            ],
            [
              -93.1876798,
              44.4630709
            ]
          ]
        ]
      }
    },
    {
      "type": "Feature",
      "properties": {
        "NAME": "Steensland Hall",
        "ABB": "SH",
        "Type": "Administrative & Academic",
        "Information": null,
        "_layer": "St. Olaf Campus Buildings"
      },
      "geometry": {
        "type": "Polygon",
        "coordinates": [
          [
            [
              -93.1805787,
              44.4597315
            ],
            [
              -93.1805827,
              44.4596348
            ],
            [
              -93.1806552,
              44.4596379
            ],
            [
              -93.1806558,
              44.4596049
            ],
            [
              -93.1807341,
              44.4596061
            ],
            [
              -93.1807358,
              44.4596354
            ],
            [
              -93.180823,
              44.4596366
            ],
            [
              -93.180823,
              44.4597319
            ],
            [
              -93.1805787,
              44.4597315
            ]
          ]
        ]
      }
    },
    {
      "type": "Feature",
      "properties": {
        "NAME": "STOGROW Farm",
        "ABB": null,
        "Type": "Administrative",
        "Information": "<a href=\"https://wp.stolaf.edu/naturallands/stogrow/\">STOGROW</a>, the on-campus farm of approximately 1.5 acres, is an entirely student-run community initiative. Each winter, a number of students are hired to work on the farm during the following summer and throughout the growing season, in addition to taking a course in the spring centered around sustainable farming practices. Students are able to directly apply lessons about agriculture that they have learned during their course, while also making decisions about what works best for them as they progress. STOGROW provides a place for students to practice and troubleshoot farming, learn from mistakes, and focus on improvement without worrying too much about the bottom line.\r\n\r\n<br><br><b>Related Links</b>\r\n<li><a href=\"https://wp.stolaf.edu/naturallands\">Natural Lands</a></li>\r\n<li><a href=\"https://wp.stolaf.edu/naturallands/maps-2/\">Natural Lands Maps</a></li>",
        "_layer": "St. Olaf Campus Buildings"
      },
      "geometry": {
        "type": "Polygon",
        "coordinates": [
          [
            [
              -93.191467,
              44.4631504
            ],
            [
              -93.191168,
              44.4631751
            ],
            [
              -93.1911586,
              44.4631144
            ],
            [
              -93.1914574,
              44.4630899
            ],
            [
              -93.191467,
              44.4631504
            ]
          ]
        ]
      }
    },
    {
      "type": "Feature",
      "properties": {
        "NAME": "Theater Building",
        "ABB": "TB",
        "Type": "Administrative & Academic",
        "Information": "Formerly the women's gymnasium and once serving as the chapel, the Theater Building is home to the <a href=\"https://wp.stolaf.edu/theater/\">Theater Department</a>.\r\n\r\n<br><br>The building contains two major performance spaces: Kelsey Theater, named in honor of Elizabeth Walsingham Kelsey, who was director of dramatics for more than three decades; and the smaller Haugen Theater, named in honor of former Professor of Theater Ralph A. Haugen.\r\n\r\n<br><br><b>Related Links</b>\r\n<li><a href=\"https://wp.stolaf.edu/theater/facilities/\">Our Theaters</a></li>\r\n<li><a href=\"https://wp.stolaf.edu/theater/season/\">Upcoming Productions</a></li>\r\n<li><a href=\"https://wp.stolaf.edu/theater/tickets/\">Tickets</a></li>",
        "_layer": "St. Olaf Campus Buildings"
      },
      "geometry": {
        "type": "Polygon",
        "coordinates": [
          [
            [
              -93.1854239,
              44.4616724
            ],
            [
              -93.1851921,
              44.4618342
            ],
            [
              -93.1848992,
              44.4616192
            ],
            [
              -93.184875,
              44.4616384
            ],
            [
              -93.1847733,
              44.4615656
            ],
            [
              -93.185063,
              44.4613625
            ],
            [
              -93.1851646,
              44.4614391
            ],
            [
              -93.1851381,
              44.4614605
            ],
            [
              -93.1852359,
              44.4615325
            ],
            [
              -93.1854239,
              44.4616724
            ]
          ]
        ]
      }
    },
    {
      "type": "Feature",
      "properties": {
        "NAME": "Thorson Hall",
        "ABB": "TH",
        "Type": "Residence Hall",
        "Information": "<a href=\"https://wp.stolaf.edu/residencelife/thorson/\">Thorson Hall</a>l houses 235 students and offers a spacious back yard with a patio and provides a striking view of the Northfield community. It has several features, most notably its spacious lounge that is a favorite study and conversation spot.",
        "_layer": "St. Olaf Campus Buildings"
      },
      "geometry": {
        "type": "Polygon",
        "coordinates": [
          [
            [
              -93.1802469,
              44.4637794
            ],
            [
              -93.1802466,
              44.4634271
            ],
            [
              -93.1800536,
              44.4634272
            ],
            [
              -93.1800538,
              44.4633238
            ],
            [
              -93.1802472,
              44.4633239
            ],
            [
              -93.1802469,
              44.4629792
            ],
            [
              -93.1804079,
              44.4629793
            ],
            [
              -93.180408,
              44.4629984
            ],
            [
              -93.1804936,
              44.4629984
            ],
            [
              -93.1804937,
              44.4630673
            ],
            [
              -93.1804133,
              44.4630674
            ],
            [
              -93.1804186,
              44.4636646
            ],
            [
              -93.1804937,
              44.4636646
            ],
            [
              -93.1804937,
              44.4637603
            ],
            [
              -93.1803757,
              44.4637602
            ],
            [
              -93.1803757,
              44.4637795
            ],
            [
              -93.1802469,
              44.4637794
            ]
          ]
        ]
      }
    },
    {
      "type": "Feature",
      "properties": {
        "NAME": "Tom Porter Hall",
        "ABB": "TPH",
        "Type": "Administrative & Academic",
        "Information": "Part of the Ade Christenson Complex, Tom Porter Hall contains classrooms, offices, locker rooms, and athletic training room, and a weight room used by the variety football, track and field, and hockey teams. The facility is named after St. Olaf football coach Tom Porter \r\n'51.\r\n\r\n<br><br><b>Related Links</b>\r\n<li><a href=\"https://athletics.stolaf.edu/sports/football\">Football</a></li>\r\n<li><a href=\"https://athletics.stolaf.edu/sports/mens-track-and-field\">Men's Track and Field</a></li>\r\n<li><a href=\"https://athletics.stolaf.edu/sports/womens-track-and-field\">Women's Track and Field</a></li>\r\n<li><a href=\"https://athletics.stolaf.edu/sports/mens-ice-hockey\">Men's Hockey</a></li>\r\n<li><a href=\"https://athletics.stolaf.edu/sports/womens-ice-hockey\">Women's Hockey</a></li>",
        "_layer": "St. Olaf Campus Buildings"
      },
      "geometry": {
        "type": "Polygon",
        "coordinates": [
          [
            [
              -93.1806429,
              44.462099
            ],
            [
              -93.1803525,
              44.4621008
            ],
            [
              -93.1803492,
              44.4618142
            ],
            [
              -93.1803486,
              44.4617484
            ],
            [
              -93.1804439,
              44.4617473
            ],
            [
              -93.1804433,
              44.4618145
            ],
            [
              -93.180642,
              44.4618151
            ],
            [
              -93.1806429,
              44.462099
            ]
          ]
        ]
      }
    },
    {
      "type": "Feature",
      "properties": {
        "NAME": "Tomson Hall",
        "ABB": "TOH",
        "Type": "Administrative & Academic",
        "Information": "Tomson Hall opened in 2011 after an extensive renovation of the 1960s-era Science Center. The building <a href=\"https://www.stolaf.edu/news/index.cfm?fuseaction=NewsDetails&id=4887\">is named in honor of</a> O. Jay Tomson '58 and his wife, Patricia McCarthy Tomson '59. \r\n\r\nTomson houses a number of academic departments and administrative offices.\r\n\r\n<br><br><b>Academic Departments</b>\r\n<li><a href=\"https://wp.stolaf.edu/asian-studies/asian-conversations/\">Asian Conversations</a></li>\r\n<li><a href=\"https://wp.stolaf.edu/asian-studies/\">Asian Studies</a></li>\r\n<li><a href=\"https://wp.stolaf.edu/classics/\">Classics</a></li>\r\n<li><a href=\"https://wp.stolaf.edu/education//\">Education</a></li>\r\n<li><a href=\"https://wp.stolaf.edu/french/\">French</a></li>\r\n<li><a href=\"https://wp.stolaf.edu/german/\">German</a></li>\r\n<li><a href=\"https://wp.stolaf.edu/flac/\">Languages Across the Curriculum</a></li>\r\n<li><a href=\"https://wp.stolaf.edu/norwegian/\">Norwegian</a></li>\r\n<li><a href=\"https://wp.stolaf.edu/norwegian/nordic-studies-conc-course-req/\">Nordic Studies</a></li>\r\n<li><a href=\"https://wp.stolaf.edu/russian/\">Russian</a></li>\r\n<li><a href=\"https://wp.stolaf.edu/spanish/\">Spanish</a></li>\r\n\r\n<br><br><b>Administrative Offices</b>\r\n<li><a href=\"https://wp.stolaf.edu/admissions/\">Admissions</a></li>\r\n<li><a href=\"https://wp.stolaf.edu/business-office/\">Business Office</a></li>\r\n<li><a href=\"https://wp.stolaf.edu/academic-success/\">Academic Success Center</a></li>\r\n<li><a href=\"https://wp.stolaf.edu/deanofstudents/\">Dean of Studies</a></li>\r\n<li><a href=\"https://wp.stolaf.edu/financialaid/\">Financial Aid</a></li>\r\n<li><a href=\"https://institute.stolaf.edu/\">Institute for Freedom and Community (IFC)</a></li>\r\n<li><a href=\"https://wp.stolaf.edu/smithcenter/\">The Smith Center - International Studies and Global Engagement</a></li>\r\n<li><a href=\"https://wp.stolaf.edu/pipercenter/\">The Piper Center</a></li>\r\n<li><a href=\"https://wp.stolaf.edu/president/\">Office of the President</a></li>\r\n<li><a href=\"https://wp.stolaf.edu/doc/\">Provost and Dean of the College</a></li>\r\n<li><a href=\"https://wp.stolaf.edu/registrar/\">Registrar's Office</a></li>\r\n<li><a href=\"https://wp.stolaf.edu/residencelife/\">Residence Life</a></li>\r\n\r\n<br><br>Fun fact: The movie <a href=\"https://www.stolaf.edu/news/index.cfm?fuseaction=NewsDetails&id=4482\">A Serious Man</a> was filmed in this building in 2008, just prior to its renovation.",
        "_layer": "St. Olaf Campus Buildings"
      },
      "geometry": {
        "type": "Polygon",
        "coordinates": [
          [
            [
              -93.1833425,
              44.4597047
            ],
            [
              -93.1833433,
              44.4596959
            ],
            [
              -93.1835085,
              44.4596971
            ],
            [
              -93.1835016,
              44.459989
            ],
            [
              -93.1834647,
              44.4599892
            ],
            [
              -93.1834642,
              44.4600349
            ],
            [
              -93.1836254,
              44.4600353
            ],
            [
              -93.1836251,
              44.4600542
            ],
            [
              -93.1840113,
              44.4600512
            ],
            [
              -93.1840114,
              44.460036
            ],
            [
              -93.1841014,
              44.4600349
            ],
            [
              -93.1841012,
              44.4600206
            ],
            [
              -93.1840824,
              44.4600187
            ],
            [
              -93.1840836,
              44.4598955
            ],
            [
              -93.1841822,
              44.459897
            ],
            [
              -93.1841829,
              44.4600178
            ],
            [
              -93.1841655,
              44.4600179
            ],
            [
              -93.1841662,
              44.4600587
            ],
            [
              -93.1842824,
              44.460059
            ],
            [
              -93.1842811,
              44.4602915
            ],
            [
              -93.1843136,
              44.4603
            ],
            [
              -93.1843413,
              44.4603119
            ],
            [
              -93.18431,
              44.4603545
            ],
            [
              -93.184278,
              44.4603451
            ],
            [
              -93.1842401,
              44.4603365
            ],
            [
              -93.1841824,
              44.4603361
            ],
            [
              -93.1841823,
              44.4604054
            ],
            [
              -93.1841188,
              44.4604063
            ],
            [
              -93.1841178,
              44.4603836
            ],
            [
              -93.1836635,
              44.4603838
            ],
            [
              -93.1836622,
              44.4604065
            ],
            [
              -93.1835712,
              44.4604063
            ],
            [
              -93.1835714,
              44.4603567
            ],
            [
              -93.1833999,
              44.4603569
            ],
            [
              -93.1833996,
              44.4603252
            ],
            [
              -93.1833125,
              44.4603271
            ],
            [
              -93.18322,
              44.4603407
            ],
            [
              -93.183147,
              44.4603563
            ],
            [
              -93.1831174,
              44.4603013
            ],
            [
              -93.1831992,
              44.4602831
            ],
            [
              -93.1831974,
              44.4602704
            ],
            [
              -93.183007,
              44.4602691
            ],
            [
              -93.1830085,
              44.460081
            ],
            [
              -93.1830534,
              44.4600821
            ],
            [
              -93.1830552,
              44.4600465
            ],
            [
              -93.183028,
              44.4600467
            ],
            [
              -93.1830296,
              44.4599121
            ],
            [
              -93.1832717,
              44.4599122
            ],
            [
              -93.1832706,
              44.4599468
            ],
            [
              -93.1833406,
              44.459947
            ],
            [
              -93.1833394,
              44.4597382
            ],
            [
              -93.1832791,
              44.4597385
            ],
            [
              -93.1832797,
              44.4597049
            ],
            [
              -93.1833425,
              44.4597047
            ]
          ]
        ]
      }
    },
    {
      "type": "Feature",
      "properties": {
        "NAME": "Tostrud Center",
        "ABB": " ",
        "Type": "Athletics",
        "Information": "Boasting an aerobics training facility, exercise machines, a weight-training facility, an elevated walking and jogging ring, a six-land 200 meter track, up to four volleyball or basketball courts, five indoor tennis courts, and a 48-foot high rock-climbing wall - the 95,000 square foot Tostrud Center is a state-of-the-art recreation and fitness center.\r\n\r\n<br><br><b>Related Links</b>\r\n<li><a href=\"https://wp.stolaf.edu/recreation/climbing-wall/\">Climbing Wall</a></li>\r\n<li><a href=\"https://wp.stolaf.edu/recreation/fitness-classes/\">Fitness Classes</a></li>\r\n<li><a href=\"https://wp.stolaf.edu/recreation/intramurals/\">Intramurals</a></li>\r\n<li><a href=\"https://wp.stolaf.edu/recreation/open-rec/\">Open Recreation</a></li>\r\n<li><a href=\"https://wp.stolaf.edu/recreation/\">Recreation</a></li>\r\n<li><a href=\"https://wp.stolaf.edu/recreation/storp/\">St. Olaf Outdoor Recreation Program (STORP)</a></li>",
        "_layer": "St. Olaf Campus Buildings"
      },
      "geometry": {
        "type": "Polygon",
        "coordinates": [
          [
            [
              -93.1876825,
              44.4635854
            ],
            [
              -93.1876798,
              44.4630709
            ],
            [
              -93.1878454,
              44.463072
            ],
            [
              -93.1878381,
              44.46283
            ],
            [
              -93.1881567,
              44.4628302
            ],
            [
              -93.1881531,
              44.463131
            ],
            [
              -93.1879942,
              44.4631358
            ],
            [
              -93.1879909,
              44.4635997
            ],
            [
              -93.1884311,
              44.4636003
            ],
            [
              -93.1884311,
              44.4635399
            ],
            [
              -93.1897579,
              44.4635389
            ],
            [
              -93.1897574,
              44.4641675
            ],
            [
              -93.1886034,
              44.4641677
            ],
            [
              -93.1886038,
              44.4641136
            ],
            [
              -93.1884166,
              44.4641145
            ],
            [
              -93.1884152,
              44.464282
            ],
            [
              -93.1878847,
              44.4642821
            ],
            [
              -93.1878832,
              44.4638657
            ],
            [
              -93.1876802,
              44.4638661
            ],
            [
              -93.1876778,
              44.4636436
            ],
            [
              -93.1876825,
              44.4635854
            ]
          ]
        ]
      }
    },
    {
      "type": "Feature",
      "properties": {
        "NAME": "Townhouses",
        "ABB": " ",
        "Type": "Residence Hall",
        "Information": "The <a href=\"https://wp.stolaf.edu/residencelife/townhouses/\">Townhouses</a> are located along St. Olaf Ave on lower campus. 14 townhouses allow 140 St. Olaf Students the opportunity to enjoy apartment style living on a college campus. With centralized living room and kitchen spaces, students can easily foster a close-knit community.",
        "_layer": "St. Olaf Campus Buildings"
      },
      "geometry": {
        "type": "MultiPolygon",
        "coordinates": [
          [
            [
              [
                -93.1793925,
                44.4606908
              ],
              [
                -93.1795979,
                44.4606898
              ],
              [
                -93.1795978,
                44.4608216
              ],
              [
                -93.1795578,
                44.4608218
              ],
              [
                -93.1795575,
                44.4608543
              ],
              [
                -93.179434,
                44.4608544
              ],
              [
                -93.1794342,
                44.4608219
              ],
              [
                -93.1793936,
                44.4608218
              ],
              [
                -93.1793925,
                44.4606908
              ]
            ]
          ],
          [
            [
              [
                -93.1781951,
                44.4608247
              ],
              [
                -93.1781173,
                44.4608247
              ],
              [
                -93.1781173,
                44.4608544
              ],
              [
                -93.1779899,
                44.4608553
              ],
              [
                -93.1779899,
                44.4608237
              ],
              [
                -93.1779537,
                44.4608237
              ],
              [
                -93.1779524,
                44.4606895
              ],
              [
                -93.178356,
                44.4606897
              ],
              [
                -93.178356,
                44.4607002
              ],
              [
                -93.1783654,
                44.4607003
              ],
              [
                -93.1783654,
                44.4608237
              ],
              [
                -93.1783211,
                44.4608237
              ],
              [
                -93.1783211,
                44.4608563
              ],
              [
                -93.178195,
                44.4608563
              ],
              [
                -93.1781951,
                44.4608247
              ]
            ]
          ],
          [
            [
              [
                -93.1789488,
                44.4609711
              ],
              [
                -93.1788697,
                44.4609711
              ],
              [
                -93.1788696,
                44.4610046
              ],
              [
                -93.1787462,
                44.4610037
              ],
              [
                -93.1787462,
                44.4609712
              ],
              [
                -93.1786993,
                44.4609711
              ],
              [
                -93.1786993,
                44.4609634
              ],
              [
                -93.1786631,
                44.4609635
              ],
              [
                -93.1786631,
                44.460998
              ],
              [
                -93.1785371,
                44.460997
              ],
              [
                -93.178537,
                44.4609626
              ],
              [
                -93.1785022,
                44.4609625
              ],
              [
                -93.1785021,
                44.4608304
              ],
              [
                -93.1786953,
                44.4608305
              ],
              [
                -93.1786953,
                44.4608381
              ],
              [
                -93.1791136,
                44.4608382
              ],
              [
                -93.1791138,
                44.4608305
              ],
              [
                -93.1793109,
                44.4608314
              ],
              [
                -93.1793109,
                44.4608419
              ],
              [
                -93.1793202,
                44.460842
              ],
              [
                -93.1793189,
                44.4609635
              ],
              [
                -93.1792774,
                44.4609635
              ],
              [
                -93.1792773,
                44.460997
              ],
              [
                -93.1791539,
                44.460997
              ],
              [
                -93.179154,
                44.4609635
              ],
              [
                -93.1791165,
                44.4609635
              ],
              [
                -93.1791165,
                44.4609703
              ],
              [
                -93.1790723,
                44.4609703
              ],
              [
                -93.1790717,
                44.4610046
              ],
              [
                -93.1789488,
                44.4610047
              ],
              [
                -93.1789488,
                44.4609711
              ]
            ]
          ]
        ]
      }
    },
    {
      "type": "Feature",
      "properties": {
        "NAME": "Water Tank",
        "ABB": null,
        "Type": "Administrative",
        "Information": null,
        "_layer": "St. Olaf Campus Buildings"
      },
      "geometry": {
        "type": "Polygon",
        "coordinates": [
          [
            [
              -93.1815457,
              44.4626216
            ],
            [
              -93.1815734,
              44.4626153
            ],
            [
              -93.1816018,
              44.4626108
            ],
            [
              -93.1816308,
              44.4626084
            ],
            [
              -93.1816599,
              44.4626081
            ],
            [
              -93.1816889,
              44.4626097
            ],
            [
              -93.1817175,
              44.4626134
            ],
            [
              -93.1817455,
              44.4626191
            ],
            [
              -93.1817726,
              44.4626267
            ],
            [
              -93.1817986,
              44.4626362
            ],
            [
              -93.181823,
              44.4626474
            ],
            [
              -93.1818459,
              44.4626603
            ],
            [
              -93.1818668,
              44.4626747
            ],
            [
              -93.1818857,
              44.4626905
            ],
            [
              -93.1819023,
              44.4627076
            ],
            [
              -93.1819165,
              44.4627258
            ],
            [
              -93.1819281,
              44.4627448
            ],
            [
              -93.181937,
              44.4627646
            ],
            [
              -93.1819432,
              44.4627849
            ],
            [
              -93.1819466,
              44.4628055
            ],
            [
              -93.1819471,
              44.4628263
            ],
            [
              -93.1819448,
              44.462847
            ],
            [
              -93.1819396,
              44.4628675
            ],
            [
              -93.1819317,
              44.4628874
            ],
            [
              -93.181921,
              44.4629068
            ],
            [
              -93.1819077,
              44.4629253
            ],
            [
              -93.181892,
              44.4629428
            ],
            [
              -93.1818739,
              44.4629591
            ],
            [
              -93.1818537,
              44.462974
            ],
            [
              -93.1818315,
              44.4629875
            ],
            [
              -93.1818076,
              44.4629993
            ],
            [
              -93.1817822,
              44.4630094
            ],
            [
              -93.1817555,
              44.4630177
            ],
            [
              -93.1817278,
              44.4630241
            ],
            [
              -93.1816994,
              44.4630285
            ],
            [
              -93.1816704,
              44.4630309
            ],
            [
              -93.1816413,
              44.4630313
            ],
            [
              -93.1816123,
              44.4630296
            ],
            [
              -93.1815837,
              44.4630259
            ],
            [
              -93.1815557,
              44.4630203
            ],
            [
              -93.1815286,
              44.4630127
            ],
            [
              -93.1815026,
              44.4630032
            ],
            [
              -93.1814782,
              44.462992
            ],
            [
              -93.1814553,
              44.4629791
            ],
            [
              -93.1814344,
              44.4629646
            ],
            [
              -93.1814155,
              44.4629488
            ],
            [
              -93.1813989,
              44.4629318
            ],
            [
              -93.1813847,
              44.4629136
            ],
            [
              -93.1813731,
              44.4628946
            ],
            [
              -93.1813642,
              44.4628748
            ],
            [
              -93.181358,
              44.4628545
            ],
            [
              -93.1813546,
              44.4628338
            ],
            [
              -93.1813541,
              44.4628131
            ],
            [
              -93.1813564,
              44.4627924
            ],
            [
              -93.1813616,
              44.4627719
            ],
            [
              -93.1813695,
              44.4627519
            ],
            [
              -93.1813802,
              44.4627326
            ],
            [
              -93.1813935,
              44.4627141
            ],
            [
              -93.1814092,
              44.4626966
            ],
            [
              -93.1814273,
              44.4626803
            ],
            [
              -93.1814475,
              44.4626654
            ],
            [
              -93.1814697,
              44.4626519
            ],
            [
              -93.1814936,
              44.46264
            ],
            [
              -93.181519,
              44.4626299
            ],
            [
              -93.1815457,
              44.4626216
            ]
          ]
        ]
      }
    },
    {
      "type": "Feature",
      "properties": {
        "NAME": "Ytterboe Hall",
        "ABB": "YTT",
        "Type": "Residence Hall",
        "Information": "<a href=\"https://wp.stolaf.edu/residencelife/ytterboe/\">Ytterboe Hall</a> houses 402 students in suites of four to ten residents. Each suite (or pod) consists of single and double rooms arranged around a common living area. This hall features a beautiful main lounge, study lounges, computer facilities, sinks in the rooms, and music practice rooms.",
        "_layer": "St. Olaf Campus Buildings"
      },
      "geometry": {
        "type": "Polygon",
        "coordinates": [
          [
            [
              -93.1880667,
              44.4618891
            ],
            [
              -93.1880671,
              44.4618444
            ],
            [
              -93.1879555,
              44.4618457
            ],
            [
              -93.1879544,
              44.4618846
            ],
            [
              -93.1878258,
              44.461886
            ],
            [
              -93.1878262,
              44.4618389
            ],
            [
              -93.1877198,
              44.4618397
            ],
            [
              -93.1877168,
              44.4617358
            ],
            [
              -93.1878146,
              44.4617346
            ],
            [
              -93.1878146,
              44.4616863
            ],
            [
              -93.1879545,
              44.461685
            ],
            [
              -93.1879548,
              44.4617324
            ],
            [
              -93.1880745,
              44.4617308
            ],
            [
              -93.1880755,
              44.4616826
            ],
            [
              -93.1882178,
              44.4616811
            ],
            [
              -93.1882178,
              44.4617319
            ],
            [
              -93.1883152,
              44.461731
            ],
            [
              -93.1883126,
              44.4616137
            ],
            [
              -93.1884936,
              44.4616122
            ],
            [
              -93.1884917,
              44.4615362
            ],
            [
              -93.1884284,
              44.4615369
            ],
            [
              -93.1884249,
              44.4614258
            ],
            [
              -93.1885015,
              44.4614248
            ],
            [
              -93.1885019,
              44.4613485
            ],
            [
              -93.1884267,
              44.4613492
            ],
            [
              -93.1884253,
              44.4612496
            ],
            [
              -93.1885009,
              44.4612485
            ],
            [
              -93.1885016,
              44.4611731
            ],
            [
              -93.1886544,
              44.4611725
            ],
            [
              -93.1886553,
              44.4612495
            ],
            [
              -93.1887201,
              44.461249
            ],
            [
              -93.1887225,
              44.461352
            ],
            [
              -93.1886542,
              44.4613533
            ],
            [
              -93.1886543,
              44.4614296
            ],
            [
              -93.1887146,
              44.4614287
            ],
            [
              -93.1887174,
              44.4615319
            ],
            [
              -93.188645,
              44.4615331
            ],
            [
              -93.1886477,
              44.4616286
            ],
            [
              -93.188715,
              44.4616278
            ],
            [
              -93.1887172,
              44.4617236
            ],
            [
              -93.1886441,
              44.4617246
            ],
            [
              -93.1886433,
              44.4617905
            ],
            [
              -93.1885712,
              44.4617907
            ],
            [
              -93.1885714,
              44.4618382
            ],
            [
              -93.1884856,
              44.4618392
            ],
            [
              -93.1884852,
              44.4618842
            ],
            [
              -93.1883458,
              44.4618852
            ],
            [
              -93.188346,
              44.4618443
            ],
            [
              -93.188223,
              44.4618454
            ],
            [
              -93.1882226,
              44.4618881
            ],
            [
              -93.1880667,
              44.4618891
            ]
          ]
        ]
      }
    }
  ]
}
