{
  "type": "FeatureCollection",
  "name": "natural-lands-segments",
  "features": [
    {
      "type": "Feature",
      "properties": {
        "FID": 41,
        "NAME": " ",
        "Type": "Narrow Unpaved Trail",
        "_layer": "Natural Lands Segments"
      },
      "geometry": {
        "type": "LineString",
        "coordinates": [
          [
            -93.1892524,
            44.4534454
          ],
          [
            -93.1892724,
            44.4534677
          ]
        ]
      }
    },
    {
      "type": "Feature",
      "properties": {
        "FID": 40,
        "NAME": " ",
        "Type": "Narrow Unpaved Trail",
        "_layer": "Natural Lands Segments"
      },
      "geometry": {
        "type": "LineString",
        "coordinates": [
          [
            -93.1892298,
            44.4534395
          ],
          [
            -93.1892524,
            44.4534451
          ]
        ]
      }
    },
    {
      "type": "Feature",
      "properties": {
        "FID": 37,
        "NAME": " ",
        "Type": " ",
        "_layer": "Natural Lands Segments"
      },
      "geometry": {
        "type": "LineString",
        "coordinates": [
          [
            -93.1904063,
            44.453842
          ],
          [
            -93.1904061,
            44.4538423
          ]
        ]
      }
    },
    {
      "type": "Feature",
      "properties": {
        "FID": 53,
        "NAME": " ",
        "Type": " ",
        "_layer": "Natural Lands Segments"
      },
      "geometry": {
        "type": "LineString",
        "coordinates": [
          [
            -93.1878455,
            44.4475771
          ],
          [
            -93.1878752,
            44.4475994
          ]
        ]
      }
    },
    {
      "type": "Feature",
      "properties": {
        "FID": 32,
        "NAME": null,
        "Type": "Narrow Unpaved Trail",
        "_layer": "Natural Lands Segments"
      },
      "geometry": {
        "type": "LineString",
        "coordinates": [
          [
            -93.1893968,
            44.4535101
          ],
          [
            -93.189353,
            44.4534874
          ],
          [
            -93.1893098,
            44.4534781
          ],
          [
            -93.189272,
            44.4534671
          ]
        ]
      }
    },
    {
      "type": "Feature",
      "properties": {
        "FID": 48,
        "NAME": " ",
        "Type": "Wide Unpaved Trail",
        "_layer": "Natural Lands Segments"
      },
      "geometry": {
        "type": "LineString",
        "coordinates": [
          [
            -93.1892868,
            44.454627
          ],
          [
            -93.1892896,
            44.454614
          ],
          [
            -93.1892793,
            44.4545928
          ]
        ]
      }
    },
    {
      "type": "Feature",
      "properties": {
        "FID": 36,
        "NAME": " ",
        "Type": " ",
        "_layer": "Natural Lands Segments"
      },
      "geometry": {
        "type": "LineString",
        "coordinates": [
          [
            -93.1903925,
            44.4538511
          ],
          [
            -93.190401,
            44.4538473
          ],
          [
            -93.1904091,
            44.4538635
          ],
          [
            -93.1904089,
            44.4538637
          ]
        ]
      }
    },
    {
      "type": "Feature",
      "properties": {
        "FID": 30,
        "NAME": " ",
        "Type": "Narrow Unpaved Trail",
        "_layer": "Natural Lands Segments"
      },
      "geometry": {
        "type": "LineString",
        "coordinates": [
          [
            -93.1905942,
            44.4538666
          ],
          [
            -93.190543,
            44.4538704
          ],
          [
            -93.1905143,
            44.4538944
          ],
          [
            -93.1904672,
            44.4539039
          ],
          [
            -93.1904273,
            44.4538881
          ],
          [
            -93.190409,
            44.4538634
          ]
        ]
      }
    },
    {
      "type": "Feature",
      "properties": {
        "FID": 49,
        "NAME": " ",
        "Type": "Wide Unpaved Trail",
        "_layer": "Natural Lands Segments"
      },
      "geometry": {
        "type": "LineString",
        "coordinates": [
          [
            -93.1892773,
            44.4545606
          ],
          [
            -93.18929,
            44.454614
          ]
        ]
      }
    },
    {
      "type": "Feature",
      "properties": {
        "FID": 47,
        "NAME": " ",
        "Type": " ",
        "_layer": "Natural Lands Segments"
      },
      "geometry": {
        "type": "LineString",
        "coordinates": [
          [
            -93.189126,
            44.4542412
          ],
          [
            -93.1891488,
            44.4542663
          ]
        ]
      }
    },
    {
      "type": "Feature",
      "properties": {
        "FID": 52,
        "NAME": " ",
        "Type": " ",
        "_layer": "Natural Lands Segments"
      },
      "geometry": {
        "type": "LineString",
        "coordinates": [
          [
            -93.188609,
            44.450084
          ],
          [
            -93.1886245,
            44.450058
          ],
          [
            -93.1885849,
            44.4500677
          ]
        ]
      }
    },
    {
      "type": "Feature",
      "properties": {
        "FID": 39,
        "NAME": " ",
        "Type": " ",
        "_layer": "Natural Lands Segments"
      },
      "geometry": {
        "type": "LineString",
        "coordinates": [
          [
            -93.1892524,
            44.4534451
          ],
          [
            -93.1892666,
            44.4534516
          ]
        ]
      }
    },
    {
      "type": "Feature",
      "properties": {
        "FID": 12,
        "NAME": "1990 South East",
        "Type": "Wide Unpaved Trail",
        "_layer": "Natural Lands Segments"
      },
      "geometry": {
        "type": "LineString",
        "coordinates": [
          [
            -93.1896501,
            44.4596141
          ],
          [
            -93.1896089,
            44.4579948
          ],
          [
            -93.1896172,
            44.4578546
          ],
          [
            -93.1896351,
            44.4577783
          ],
          [
            -93.1897301,
            44.457685
          ],
          [
            -93.1898282,
            44.4576616
          ],
          [
            -93.1899411,
            44.4576129
          ],
          [
            -93.1899975,
            44.4575344
          ],
          [
            -93.190054,
            44.4574602
          ],
          [
            -93.1900837,
            44.4573605
          ],
          [
            -93.1900926,
            44.4572502
          ]
        ]
      }
    },
    {
      "type": "Feature",
      "properties": {
        "FID": 8,
        "NAME": "Baseball Pond Loop",
        "Type": "Wide Unpaved Trail",
        "_layer": "Natural Lands Segments"
      },
      "geometry": {
        "type": "LineString",
        "coordinates": [
          [
            -93.1842797,
            44.4686551
          ],
          [
            -93.1841758,
            44.4687067
          ],
          [
            -93.1840668,
            44.4687525
          ],
          [
            -93.1839533,
            44.4687924
          ],
          [
            -93.183836,
            44.4688261
          ],
          [
            -93.1837155,
            44.4688534
          ],
          [
            -93.1835925,
            44.4688742
          ],
          [
            -93.1834676,
            44.4688883
          ],
          [
            -93.1833416,
            44.4688957
          ],
          [
            -93.1832152,
            44.4688963
          ],
          [
            -93.1830891,
            44.4688901
          ],
          [
            -93.1827614,
            44.468863
          ],
          [
            -93.1824327,
            44.4688423
          ],
          [
            -93.1821034,
            44.468828
          ],
          [
            -93.1817736,
            44.4688203
          ],
          [
            -93.1817108,
            44.4688099
          ],
          [
            -93.1816506,
            44.4687935
          ],
          [
            -93.1815941,
            44.4687714
          ],
          [
            -93.1815423,
            44.4687439
          ],
          [
            -93.1814962,
            44.4687117
          ],
          [
            -93.1814566,
            44.4686753
          ],
          [
            -93.1814244,
            44.4686353
          ],
          [
            -93.1814,
            44.4685926
          ],
          [
            -93.181384,
            44.4685479
          ],
          [
            -93.1813766,
            44.4685021
          ],
          [
            -93.181378,
            44.468456
          ],
          [
            -93.1813882,
            44.4684104
          ],
          [
            -93.1814069,
            44.4683663
          ],
          [
            -93.1814146,
            44.4683198
          ],
          [
            -93.1814317,
            44.4682747
          ],
          [
            -93.1814578,
            44.4682319
          ],
          [
            -93.1814924,
            44.4681922
          ],
          [
            -93.1815346,
            44.4681566
          ],
          [
            -93.1815837,
            44.4681258
          ],
          [
            -93.1816385,
            44.4681004
          ],
          [
            -93.181698,
            44.4680811
          ],
          [
            -93.181773,
            44.4680706
          ],
          [
            -93.1818455,
            44.4680534
          ],
          [
            -93.1819143,
            44.4680297
          ],
          [
            -93.1819784,
            44.4679999
          ],
          [
            -93.1820366,
            44.4679644
          ],
          [
            -93.1820879,
            44.4679239
          ],
          [
            -93.1821027,
            44.4678736
          ],
          [
            -93.1821086,
            44.4678225
          ],
          [
            -93.1821055,
            44.4677711
          ],
          [
            -93.1820935,
            44.4677205
          ],
          [
            -93.1820728,
            44.4676713
          ],
          [
            -93.1820436,
            44.4676244
          ],
          [
            -93.1820064,
            44.4675805
          ],
          [
            -93.1819744,
            44.4675349
          ],
          [
            -93.1819351,
            44.4674923
          ],
          [
            -93.1818891,
            44.4674533
          ],
          [
            -93.181837,
            44.4674185
          ],
          [
            -93.1817794,
            44.4673884
          ],
          [
            -93.1817652,
            44.4673395
          ],
          [
            -93.1817604,
            44.4672897
          ],
          [
            -93.1817651,
            44.4672399
          ],
          [
            -93.1817793,
            44.467191
          ],
          [
            -93.1818027,
            44.4671439
          ],
          [
            -93.1819106,
            44.4671149
          ],
          [
            -93.1819845,
            44.4670763
          ],
          [
            -93.1820199,
            44.4670216
          ],
          [
            -93.182036,
            44.4668705
          ],
          [
            -93.182036,
            44.466713
          ],
          [
            -93.1821035,
            44.4666358
          ],
          [
            -93.182335,
            44.4665844
          ],
          [
            -93.1824282,
            44.4665683
          ],
          [
            -93.1824859,
            44.466557
          ],
          [
            -93.1825411,
            44.4665404
          ],
          [
            -93.1825927,
            44.4665188
          ],
          [
            -93.1826401,
            44.4664926
          ],
          [
            -93.1826822,
            44.4664622
          ],
          [
            -93.1827092,
            44.4664044
          ],
          [
            -93.1827283,
            44.4663451
          ],
          [
            -93.1827393,
            44.4662848
          ],
          [
            -93.1827422,
            44.4662239
          ],
          [
            -93.1827369,
            44.4661632
          ],
          [
            -93.1827278,
            44.4661245
          ],
          [
            -93.1827268,
            44.4660854
          ],
          [
            -93.1827339,
            44.4660465
          ],
          [
            -93.1827491,
            44.4660089
          ],
          [
            -93.182772,
            44.4659733
          ],
          [
            -93.182802,
            44.4659406
          ],
          [
            -93.1828384,
            44.4659114
          ],
          [
            -93.1828806,
            44.4658864
          ],
          [
            -93.1829275,
            44.4658662
          ],
          [
            -93.182978,
            44.4658513
          ],
          [
            -93.183099,
            44.4658787
          ],
          [
            -93.1832224,
            44.4658995
          ],
          [
            -93.1832602,
            44.4659182
          ],
          [
            -93.1832932,
            44.465941
          ],
          [
            -93.1833205,
            44.4659675
          ],
          [
            -93.1833413,
            44.4659968
          ],
          [
            -93.183355,
            44.4660282
          ],
          [
            -93.1833613,
            44.4660608
          ],
          [
            -93.18336,
            44.4660937
          ],
          [
            -93.1833511,
            44.466126
          ],
          [
            -93.1833349,
            44.4661567
          ],
          [
            -93.1833318,
            44.4662327
          ],
          [
            -93.1833386,
            44.4663086
          ],
          [
            -93.183355,
            44.4663837
          ],
          [
            -93.1833811,
            44.4664574
          ],
          [
            -93.1834166,
            44.4665291
          ],
          [
            -93.1834612,
            44.4665981
          ],
          [
            -93.1835145,
            44.4666639
          ],
          [
            -93.1835761,
            44.4667258
          ],
          [
            -93.1836218,
            44.4667576
          ],
          [
            -93.1836637,
            44.466792
          ],
          [
            -93.1837015,
            44.4668287
          ],
          [
            -93.1837139,
            44.4668401
          ],
          [
            -93.1837235,
            44.4668528
          ],
          [
            -93.1837302,
            44.4668664
          ],
          [
            -93.1837337,
            44.4668806
          ],
          [
            -93.1837339,
            44.466895
          ],
          [
            -93.1837308,
            44.4669093
          ],
          [
            -93.1837245,
            44.466923
          ],
          [
            -93.1837152,
            44.4669358
          ],
          [
            -93.1837031,
            44.4669473
          ],
          [
            -93.1836886,
            44.4669573
          ],
          [
            -93.1836356,
            44.4670357
          ],
          [
            -93.1835917,
            44.4671169
          ],
          [
            -93.1835572,
            44.4672003
          ],
          [
            -93.1835322,
            44.4672856
          ],
          [
            -93.1835171,
            44.4673719
          ],
          [
            -93.1835118,
            44.4674589
          ],
          [
            -93.1834928,
            44.4675113
          ],
          [
            -93.1834816,
            44.4675649
          ],
          [
            -93.1834783,
            44.467619
          ],
          [
            -93.183483,
            44.467673
          ],
          [
            -93.1834956,
            44.4677264
          ],
          [
            -93.183516,
            44.4677786
          ],
          [
            -93.1835439,
            44.4678289
          ],
          [
            -93.1835791,
            44.4678769
          ],
          [
            -93.1836211,
            44.4679219
          ],
          [
            -93.1836891,
            44.4679798
          ],
          [
            -93.1837629,
            44.4680339
          ],
          [
            -93.1838419,
            44.4680841
          ],
          [
            -93.1839258,
            44.46813
          ],
          [
            -93.1840142,
            44.4681714
          ],
          [
            -93.1841066,
            44.4682081
          ],
          [
            -93.1841591,
            44.4682358
          ],
          [
            -93.1842066,
            44.4682679
          ],
          [
            -93.1842481,
            44.4683039
          ],
          [
            -93.1842831,
            44.4683433
          ],
          [
            -93.1843111,
            44.4683856
          ],
          [
            -93.1843317,
            44.4684299
          ],
          [
            -93.1843395,
            44.4684762
          ],
          [
            -93.1843381,
            44.4685227
          ],
          [
            -93.1843275,
            44.4685687
          ],
          [
            -93.1843079,
            44.4686131
          ],
          [
            -93.1842797,
            44.4686551
          ]
        ]
      }
    },
    {
      "type": "Feature",
      "properties": {
        "FID": 1,
        "NAME": "Big Pond Loop",
        "Type": "Wide Unpaved Trail",
        "_layer": "Natural Lands Segments"
      },
      "geometry": {
        "type": "LineString",
        "coordinates": [
          [
            -93.1909969,
            44.464102
          ],
          [
            -93.1909472,
            44.4640829
          ],
          [
            -93.190896,
            44.4640832
          ],
          [
            -93.1908586,
            44.4641163
          ],
          [
            -93.1908452,
            44.4641727
          ],
          [
            -93.1908355,
            44.464233
          ],
          [
            -93.1908104,
            44.4643106
          ],
          [
            -93.1907894,
            44.4643755
          ],
          [
            -93.1907577,
            44.4644395
          ],
          [
            -93.1907093,
            44.4644823
          ],
          [
            -93.190648,
            44.4645012
          ],
          [
            -93.1906475,
            44.4647783
          ],
          [
            -93.1906817,
            44.4651157
          ],
          [
            -93.1907294,
            44.4654185
          ],
          [
            -93.1907458,
            44.4655804
          ],
          [
            -93.1907537,
            44.4656587
          ],
          [
            -93.1907861,
            44.4657421
          ],
          [
            -93.190826,
            44.4657886
          ],
          [
            -93.1908882,
            44.4658063
          ],
          [
            -93.1909344,
            44.4658429
          ],
          [
            -93.1909833,
            44.465872
          ],
          [
            -93.1910377,
            44.4658989
          ],
          [
            -93.1910758,
            44.4659163
          ],
          [
            -93.1911302,
            44.4659411
          ],
          [
            -93.1911845,
            44.465962
          ],
          [
            -93.1912384,
            44.4659817
          ],
          [
            -93.1912958,
            44.4660079
          ],
          [
            -93.1913533,
            44.4660243
          ],
          [
            -93.1914092,
            44.4660477
          ],
          [
            -93.1914654,
            44.4660734
          ],
          [
            -93.1915083,
            44.4661073
          ],
          [
            -93.1915847,
            44.4661705
          ],
          [
            -93.1916592,
            44.4662295
          ],
          [
            -93.1917178,
            44.4662976
          ],
          [
            -93.1917768,
            44.4663688
          ],
          [
            -93.1918577,
            44.466426
          ],
          [
            -93.1919582,
            44.4664972
          ],
          [
            -93.1920452,
            44.4665402
          ],
          [
            -93.1921336,
            44.4665725
          ],
          [
            -93.1922054,
            44.4665958
          ],
          [
            -93.1922713,
            44.4666172
          ],
          [
            -93.1923345,
            44.4666277
          ],
          [
            -93.1924084,
            44.4666341
          ],
          [
            -93.1924627,
            44.4666321
          ],
          [
            -93.1925644,
            44.4666175
          ],
          [
            -93.1926413,
            44.4666085
          ],
          [
            -93.1927078,
            44.4665989
          ],
          [
            -93.1927529,
            44.4665936
          ],
          [
            -93.1928587,
            44.4666085
          ],
          [
            -93.1929351,
            44.4666246
          ],
          [
            -93.1929897,
            44.4666423
          ],
          [
            -93.1930543,
            44.4666695
          ],
          [
            -93.1931334,
            44.4666906
          ],
          [
            -93.1931788,
            44.4667017
          ],
          [
            -93.1932278,
            44.4667089
          ],
          [
            -93.1932892,
            44.4667086
          ],
          [
            -93.1933576,
            44.4666943
          ],
          [
            -93.1934377,
            44.4666616
          ],
          [
            -93.1934914,
            44.4666411
          ],
          [
            -93.1935628,
            44.4665984
          ],
          [
            -93.193645,
            44.4665699
          ],
          [
            -93.1937345,
            44.4665498
          ],
          [
            -93.1938265,
            44.4665366
          ],
          [
            -93.193916,
            44.4665343
          ],
          [
            -93.194003,
            44.4665411
          ],
          [
            -93.1940924,
            44.4665525
          ],
          [
            -93.1941834,
            44.4665676
          ],
          [
            -93.1942878,
            44.4665767
          ],
          [
            -93.1943884,
            44.4665956
          ],
          [
            -93.1944791,
            44.4666151
          ],
          [
            -93.1946156,
            44.4666365
          ],
          [
            -93.1947006,
            44.4666574
          ],
          [
            -93.1948158,
            44.4666881
          ],
          [
            -93.1949052,
            44.4667079
          ],
          [
            -93.1949737,
            44.466725
          ],
          [
            -93.1950445,
            44.4667361
          ],
          [
            -93.1951167,
            44.4667411
          ],
          [
            -93.1951892,
            44.4667399
          ],
          [
            -93.1952581,
            44.4667418
          ],
          [
            -93.195325,
            44.4667325
          ],
          [
            -93.195408,
            44.4667138
          ],
          [
            -93.1954696,
            44.4666902
          ],
          [
            -93.1955319,
            44.4666625
          ],
          [
            -93.1955996,
            44.466622
          ],
          [
            -93.1956522,
            44.4665755
          ],
          [
            -93.1956994,
            44.4665338
          ],
          [
            -93.1957428,
            44.4664772
          ],
          [
            -93.1957808,
            44.4664277
          ],
          [
            -93.1958007,
            44.4663542
          ],
          [
            -93.1958087,
            44.4662641
          ],
          [
            -93.1958089,
            44.466152
          ],
          [
            -93.1958012,
            44.4660591
          ],
          [
            -93.1958013,
            44.4660081
          ],
          [
            -93.1958046,
            44.4659583
          ],
          [
            -93.1958177,
            44.4659032
          ],
          [
            -93.1958326,
            44.4658484
          ],
          [
            -93.1958472,
            44.465787
          ],
          [
            -93.1958623,
            44.4657235
          ],
          [
            -93.1958737,
            44.4656753
          ],
          [
            -93.1958787,
            44.4656328
          ],
          [
            -93.1958759,
            44.4655903
          ],
          [
            -93.1958777,
            44.465549
          ],
          [
            -93.1958701,
            44.4655004
          ],
          [
            -93.1958556,
            44.4654596
          ],
          [
            -93.1958223,
            44.4654168
          ],
          [
            -93.1957356,
            44.4653051
          ],
          [
            -93.1956588,
            44.4652125
          ],
          [
            -93.1955711,
            44.465093
          ],
          [
            -93.1955264,
            44.4650322
          ],
          [
            -93.1955017,
            44.464982
          ],
          [
            -93.1954736,
            44.4649391
          ],
          [
            -93.1954378,
            44.4648825
          ],
          [
            -93.1954066,
            44.4648348
          ],
          [
            -93.1953888,
            44.4647891
          ],
          [
            -93.1953725,
            44.4647472
          ],
          [
            -93.1953678,
            44.4647168
          ],
          [
            -93.1953584,
            44.4646792
          ],
          [
            -93.1953504,
            44.4646472
          ],
          [
            -93.1953418,
            44.4646128
          ],
          [
            -93.195324,
            44.4645847
          ],
          [
            -93.1953099,
            44.4645632
          ],
          [
            -93.1952967,
            44.4645292
          ],
          [
            -93.1952813,
            44.464493
          ],
          [
            -93.1952688,
            44.4644638
          ],
          [
            -93.1952578,
            44.464438
          ],
          [
            -93.195253,
            44.4644072
          ],
          [
            -93.1952564,
            44.4643776
          ],
          [
            -93.1952753,
            44.4643439
          ],
          [
            -93.195287,
            44.4643077
          ],
          [
            -93.1952991,
            44.4642702
          ],
          [
            -93.1953039,
            44.46425
          ],
          [
            -93.1953081,
            44.4642241
          ],
          [
            -93.1953059,
            44.4641981
          ],
          [
            -93.1953012,
            44.4641792
          ],
          [
            -93.1952878,
            44.4641547
          ],
          [
            -93.195269,
            44.4641414
          ],
          [
            -93.1952513,
            44.464134
          ],
          [
            -93.1952308,
            44.4641335
          ],
          [
            -93.1948144,
            44.4641441
          ],
          [
            -93.1944006,
            44.4641441
          ],
          [
            -93.1942338,
            44.4641441
          ],
          [
            -93.1940877,
            44.4641383
          ],
          [
            -93.1939849,
            44.464139
          ],
          [
            -93.1938996,
            44.4641351
          ],
          [
            -93.1938168,
            44.4641287
          ],
          [
            -93.1937334,
            44.4641281
          ],
          [
            -93.1936504,
            44.4641334
          ],
          [
            -93.1935579,
            44.4641293
          ],
          [
            -93.1934468,
            44.4641243
          ],
          [
            -93.1933879,
            44.4641226
          ],
          [
            -93.1933003,
            44.4641259
          ],
          [
            -93.1932152,
            44.4641245
          ],
          [
            -93.1931384,
            44.464124
          ],
          [
            -93.1930503,
            44.4641163
          ],
          [
            -93.1929892,
            44.4641135
          ],
          [
            -93.192918,
            44.4641028
          ],
          [
            -93.1928416,
            44.4640951
          ],
          [
            -93.1927645,
            44.4640939
          ],
          [
            -93.192689,
            44.464082
          ],
          [
            -93.1926092,
            44.4640874
          ],
          [
            -93.1925398,
            44.4640971
          ],
          [
            -93.1924979,
            44.4641099
          ],
          [
            -93.1924525,
            44.4641192
          ],
          [
            -93.1924118,
            44.4641317
          ],
          [
            -93.1923665,
            44.4641428
          ],
          [
            -93.1923132,
            44.464156
          ],
          [
            -93.1922771,
            44.4641641
          ],
          [
            -93.1922355,
            44.4641769
          ],
          [
            -93.1921905,
            44.4641822
          ],
          [
            -93.1921306,
            44.4641761
          ],
          [
            -93.192084,
            44.4641633
          ],
          [
            -93.1920386,
            44.4641557
          ],
          [
            -93.1919255,
            44.4641228
          ],
          [
            -93.1918205,
            44.4641121
          ],
          [
            -93.1917045,
            44.4641151
          ],
          [
            -93.1915926,
            44.4641158
          ],
          [
            -93.1914705,
            44.4641189
          ],
          [
            -93.1914071,
            44.4641229
          ],
          [
            -93.1913336,
            44.4641224
          ],
          [
            -93.19127,
            44.464129
          ],
          [
            -93.1912002,
            44.4641301
          ],
          [
            -93.1911338,
            44.464137
          ],
          [
            -93.1910715,
            44.4641131
          ],
          [
            -93.1910036,
            44.4641003
          ]
        ]
      }
    },
    {
      "type": "Feature",
      "properties": {
        "FID": 5,
        "NAME": " Campus Drive",
        "Type": "Gravel Road",
        "_layer": "Natural Lands Segments"
      },
      "geometry": {
        "type": "LineString",
        "coordinates": [
          [
            -93.1906542,
            44.4657937
          ],
          [
            -93.1907031,
            44.4664908
          ],
          [
            -93.1906394,
            44.4669866
          ],
          [
            -93.1906606,
            44.4672416
          ],
          [
            -93.1906394,
            44.4675674
          ],
          [
            -93.1905867,
            44.4678196
          ],
          [
            -93.1902355,
            44.4684101
          ],
          [
            -93.1896087,
            44.4693878
          ],
          [
            -93.1888003,
            44.4707694
          ],
          [
            -93.188779,
            44.4714046
          ]
        ]
      }
    },
    {
      "type": "Feature",
      "properties": {
        "FID": 2,
        "NAME": "Conifer Trail",
        "Type": "Wide Unpaved Trail",
        "_layer": "Natural Lands Segments"
      },
      "geometry": {
        "type": "MultiLineString",
        "coordinates": [
          [
            [
              -93.1976857,
              44.4640761
            ],
            [
              -93.1977809,
              44.4641265
            ],
            [
              -93.1979928,
              44.4641523
            ],
            [
              -93.1981949,
              44.464138
            ],
            [
              -93.1983559,
              44.4642005
            ],
            [
              -93.1996004,
              44.4642106
            ]
          ],
          [
            [
              -93.1952907,
              44.464154
            ],
            [
              -93.1954035,
              44.4640952
            ],
            [
              -93.1955165,
              44.4640441
            ],
            [
              -93.1956345,
              44.4639991
            ],
            [
              -93.1957569,
              44.4639605
            ],
            [
              -93.1958828,
              44.4639286
            ],
            [
              -93.1960118,
              44.4639033
            ],
            [
              -93.196143,
              44.4638851
            ],
            [
              -93.1962757,
              44.4638738
            ],
            [
              -93.1963863,
              44.463858
            ],
            [
              -93.1964982,
              44.4638482
            ],
            [
              -93.1966108,
              44.4638444
            ],
            [
              -93.1967235,
              44.4638467
            ],
            [
              -93.1968357,
              44.4638551
            ],
            [
              -93.1969466,
              44.4638695
            ],
            [
              -93.1970557,
              44.4638898
            ],
            [
              -93.1971624,
              44.4639159
            ],
            [
              -93.1972661,
              44.4639477
            ],
            [
              -93.1976882,
              44.4640796
            ]
          ]
        ]
      }
    },
    {
      "type": "Feature",
      "properties": {
        "FID": 15,
        "NAME": "Ellingson Hill",
        "Type": "Access Trail",
        "_layer": "Natural Lands Segments"
      },
      "geometry": {
        "type": "LineString",
        "coordinates": [
          [
            -93.1810348,
            44.4643969
          ],
          [
            -93.1812837,
            44.4648964
          ],
          [
            -93.1812969,
            44.4649055
          ],
          [
            -93.1813121,
            44.4649127
          ],
          [
            -93.1813289,
            44.464918
          ],
          [
            -93.1813467,
            44.4649211
          ],
          [
            -93.1813649,
            44.464922
          ],
          [
            -93.1813831,
            44.4649205
          ],
          [
            -93.1814007,
            44.4649169
          ],
          [
            -93.1814171,
            44.4649111
          ],
          [
            -93.1814319,
            44.4649034
          ],
          [
            -93.1814446,
            44.464894
          ],
          [
            -93.1814548,
            44.4648831
          ],
          [
            -93.1814622,
            44.4648711
          ],
          [
            -93.1814667,
            44.4648584
          ],
          [
            -93.181468,
            44.4648454
          ],
          [
            -93.1814661,
            44.4648323
          ],
          [
            -93.1814611,
            44.4648197
          ],
          [
            -93.1814531,
            44.464808
          ],
          [
            -93.1814339,
            44.4647408
          ],
          [
            -93.1814235,
            44.4646726
          ],
          [
            -93.181422,
            44.464604
          ],
          [
            -93.1814293,
            44.4645356
          ],
          [
            -93.1814454,
            44.464468
          ],
          [
            -93.1814702,
            44.4644018
          ],
          [
            -93.181488,
            44.4643632
          ],
          [
            -93.181514,
            44.464327
          ],
          [
            -93.1815473,
            44.4642942
          ],
          [
            -93.1815874,
            44.4642653
          ],
          [
            -93.1816331,
            44.4642413
          ]
        ]
      }
    },
    {
      "type": "Feature",
      "properties": {
        "FID": 9,
        "NAME": "Ellingson Woods Trail",
        "Type": "Narrow Unpaved Trail",
        "_layer": "Natural Lands Segments"
      },
      "geometry": {
        "type": "MultiLineString",
        "coordinates": [
          [
            [
              -93.1830454,
              44.4655289
            ],
            [
              -93.1829733,
              44.4654888
            ],
            [
              -93.1828961,
              44.4654539
            ],
            [
              -93.1828145,
              44.4654245
            ],
            [
              -93.1827293,
              44.465401
            ],
            [
              -93.1826412,
              44.4653836
            ],
            [
              -93.1825512,
              44.4653724
            ],
            [
              -93.1824602,
              44.4653676
            ],
            [
              -93.1823992,
              44.4653661
            ],
            [
              -93.1823393,
              44.4653581
            ],
            [
              -93.1822817,
              44.4653438
            ],
            [
              -93.1822278,
              44.4653235
            ],
            [
              -93.1821787,
              44.4652976
            ],
            [
              -93.1821357,
              44.4652667
            ],
            [
              -93.1820995,
              44.4652316
            ],
            [
              -93.1820579,
              44.4652143
            ],
            [
              -93.1820129,
              44.4652019
            ],
            [
              -93.1819658,
              44.4651947
            ],
            [
              -93.1819178,
              44.4651929
            ],
            [
              -93.1818699,
              44.4651964
            ],
            [
              -93.1818234,
              44.4652053
            ],
            [
              -93.1817793,
              44.4652192
            ],
            [
              -93.1817389,
              44.4652379
            ],
            [
              -93.1816993,
              44.4652461
            ],
            [
              -93.1816584,
              44.4652494
            ],
            [
              -93.1816173,
              44.4652478
            ],
            [
              -93.1815771,
              44.4652413
            ],
            [
              -93.181539,
              44.46523
            ],
            [
              -93.1815042,
              44.4652142
            ],
            [
              -93.1814735,
              44.4651945
            ],
            [
              -93.1814479,
              44.4651714
            ],
            [
              -93.181417,
              44.4651348
            ],
            [
              -93.1813936,
              44.4650955
            ],
            [
              -93.1813782,
              44.4650542
            ],
            [
              -93.1813709,
              44.4650117
            ],
            [
              -93.1813719,
              44.464969
            ],
            [
              -93.1813645,
              44.4649553
            ],
            [
              -93.1813542,
              44.4649425
            ],
            [
              -93.1813412,
              44.4649311
            ],
            [
              -93.1813259,
              44.4649213
            ],
            [
              -93.1813136,
              44.4649206
            ],
            [
              -93.1813012,
              44.4649213
            ],
            [
              -93.1812892,
              44.4649234
            ],
            [
              -93.1812778,
              44.4649268
            ],
            [
              -93.1812673,
              44.4649315
            ],
            [
              -93.181258,
              44.4649373
            ],
            [
              -93.1812252,
              44.4649394
            ],
            [
              -93.1811923,
              44.4649377
            ],
            [
              -93.1811602,
              44.4649323
            ],
            [
              -93.1811297,
              44.4649233
            ],
            [
              -93.1811017,
              44.4649108
            ],
            [
              -93.1810767,
              44.4648954
            ],
            [
              -93.1810556,
              44.4648772
            ],
            [
              -93.180946,
              44.4648265
            ],
            [
              -93.1808416,
              44.4647704
            ],
            [
              -93.180743,
              44.4647092
            ],
            [
              -93.1806507,
              44.4646431
            ],
            [
              -93.1805776,
              44.4645929
            ],
            [
              -93.1804983,
              44.4645478
            ],
            [
              -93.1804134,
              44.4645082
            ],
            [
              -93.1803236,
              44.4644745
            ],
            [
              -93.1802299,
              44.464447
            ],
            [
              -93.1801654,
              44.4644445
            ],
            [
              -93.1801019,
              44.4644358
            ],
            [
              -93.1800406,
              44.464421
            ],
            [
              -93.1799828,
              44.4644003
            ],
            [
              -93.1799294,
              44.4643742
            ],
            [
              -93.1798388,
              44.4643493
            ],
            [
              -93.1797458,
              44.4643295
            ],
            [
              -93.179651,
              44.4643149
            ],
            [
              -93.1795549,
              44.4643055
            ],
            [
              -93.179458,
              44.4643015
            ],
            [
              -93.1793724,
              44.4642986
            ],
            [
              -93.1792877,
              44.4642888
            ],
            [
              -93.1792052,
              44.4642723
            ],
            [
              -93.1791258,
              44.4642491
            ],
            [
              -93.1790505,
              44.4642197
            ],
            [
              -93.1789803,
              44.4641844
            ],
            [
              -93.1788865,
              44.4641237
            ],
            [
              -93.1787988,
              44.4640586
            ],
            [
              -93.1787174,
              44.4639893
            ],
            [
              -93.1786428,
              44.4639162
            ],
            [
              -93.1785754,
              44.4638396
            ],
            [
              -93.1784995,
              44.463751
            ]
          ],
          [
            [
              -93.1830454,
              44.4655289
            ],
            [
              -93.1830108,
              44.4655491
            ],
            [
              -93.1829814,
              44.4655732
            ],
            [
              -93.182958,
              44.4656005
            ],
            [
              -93.1829413,
              44.4656301
            ],
            [
              -93.1829317,
              44.4656613
            ],
            [
              -93.1829294,
              44.4656933
            ],
            [
              -93.1829347,
              44.4657251
            ],
            [
              -93.1829276,
              44.465744
            ],
            [
              -93.182925,
              44.4657636
            ],
            [
              -93.182927,
              44.4657832
            ],
            [
              -93.1829336,
              44.4658023
            ],
            [
              -93.1829445,
              44.4658203
            ],
            [
              -93.1829594,
              44.4658368
            ],
            [
              -93.182978,
              44.4658513
            ],
            [
              -93.1830595,
              44.4658705
            ],
            [
              -93.1831423,
              44.4658868
            ],
            [
              -93.1831705,
              44.465888
            ],
            [
              -93.1831981,
              44.465892
            ],
            [
              -93.1832247,
              44.4658987
            ],
            [
              -93.1832498,
              44.4659081
            ],
            [
              -93.1832727,
              44.4659199
            ]
          ],
          [
            [
              -93.1832809,
              44.4659252
            ],
            [
              -93.1832946,
              44.4659356
            ],
            [
              -93.1833105,
              44.4659442
            ],
            [
              -93.1833281,
              44.4659508
            ],
            [
              -93.183347,
              44.4659552
            ],
            [
              -93.1833667,
              44.4659574
            ],
            [
              -93.1833865,
              44.4659572
            ],
            [
              -93.1834061,
              44.4659548
            ],
            [
              -93.1834249,
              44.46595
            ],
            [
              -93.1834423,
              44.4659431
            ],
            [
              -93.1834579,
              44.4659342
            ],
            [
              -93.1834712,
              44.4659237
            ],
            [
              -93.183482,
              44.4659117
            ],
            [
              -93.1835661,
              44.4658083
            ],
            [
              -93.1836528,
              44.4657061
            ],
            [
              -93.1836591,
              44.4657006
            ],
            [
              -93.183664,
              44.4656945
            ],
            [
              -93.1836674,
              44.4656878
            ],
            [
              -93.1836691,
              44.4656809
            ],
            [
              -93.1836691,
              44.4656738
            ],
            [
              -93.1836674,
              44.4656668
            ],
            [
              -93.1836641,
              44.4656602
            ],
            [
              -93.1836592,
              44.465654
            ],
            [
              -93.1836529,
              44.4656485
            ],
            [
              -93.1836454,
              44.4656439
            ],
            [
              -93.1836369,
              44.4656403
            ],
            [
              -93.1836277,
              44.4656378
            ],
            [
              -93.183618,
              44.4656365
            ],
            [
              -93.1835558,
              44.4656203
            ],
            [
              -93.1834962,
              44.4655996
            ],
            [
              -93.18344,
              44.4655747
            ],
            [
              -93.1833876,
              44.4655457
            ],
            [
              -93.1833396,
              44.4655131
            ],
            [
              -93.1832988,
              44.4655007
            ],
            [
              -93.1832557,
              44.465493
            ],
            [
              -93.1832115,
              44.4654904
            ],
            [
              -93.1831673,
              44.4654928
            ],
            [
              -93.1831242,
              44.4655001
            ],
            [
              -93.1830832,
              44.4655123
            ],
            [
              -93.1830454,
              44.4655289
            ]
          ]
        ]
      }
    },
    {
      "type": "Feature",
      "properties": {
        "FID": 16,
        "NAME": "Falk Entrance",
        "Type": "Access Trail",
        "_layer": "Natural Lands Segments"
      },
      "geometry": {
        "type": "LineString",
        "coordinates": [
          [
            -93.1816239,
            44.4687994
          ],
          [
            -93.1815436,
            44.4688286
          ],
          [
            -93.1814593,
            44.4688512
          ],
          [
            -93.1813721,
            44.4688672
          ],
          [
            -93.181283,
            44.4688762
          ],
          [
            -93.181193,
            44.4688783
          ],
          [
            -93.1811032,
            44.4688733
          ],
          [
            -93.1810148,
            44.4688613
          ]
        ]
      }
    },
    {
      "type": "Feature",
      "properties": {
        "FID": 4,
        "NAME": "Forest Restoration Loop 1",
        "Type": "Wide Unpaved Trail",
        "_layer": "Natural Lands Segments"
      },
      "geometry": {
        "type": "MultiLineString",
        "coordinates": [
          [
            [
              -93.1907776,
              44.463286
            ],
            [
              -93.1908308,
              44.463214
            ],
            [
              -93.1908444,
              44.4631699
            ],
            [
              -93.1908531,
              44.4631338
            ],
            [
              -93.1908595,
              44.4630692
            ],
            [
              -93.190866,
              44.4630045
            ],
            [
              -93.1908776,
              44.4629227
            ],
            [
              -93.190804,
              44.4627795
            ],
            [
              -93.1908338,
              44.4617623
            ],
            [
              -93.1908694,
              44.4607986
            ],
            [
              -93.1908575,
              44.4606499
            ],
            [
              -93.1908873,
              44.4604417
            ],
            [
              -93.1908813,
              44.4602513
            ],
            [
              -93.1908219,
              44.4600788
            ],
            [
              -93.1908199,
              44.4600563
            ],
            [
              -93.1908128,
              44.4600343
            ],
            [
              -93.1908008,
              44.4600135
            ],
            [
              -93.1907841,
              44.4599944
            ],
            [
              -93.1907632,
              44.4599775
            ],
            [
              -93.1907387,
              44.4599633
            ],
            [
              -93.1907113,
              44.4599522
            ],
            [
              -93.1906817,
              44.4599445
            ],
            [
              -93.1906507,
              44.4599404
            ],
            [
              -93.1906192,
              44.45994
            ],
            [
              -93.190588,
              44.4599433
            ],
            [
              -93.1905581,
              44.4599503
            ],
            [
              -93.1905302,
              44.4599608
            ],
            [
              -93.190505,
              44.4599744
            ],
            [
              -93.1904834,
              44.4599907
            ],
            [
              -93.1904658,
              44.4600095
            ],
            [
              -93.1904547,
              44.4600282
            ],
            [
              -93.1904397,
              44.4600454
            ],
            [
              -93.1904209,
              44.4600607
            ],
            [
              -93.190399,
              44.4600736
            ],
            [
              -93.1903744,
              44.4600839
            ],
            [
              -93.1903479,
              44.4600911
            ],
            [
              -93.1903201,
              44.4600953
            ],
            [
              -93.1902917,
              44.4600961
            ],
            [
              -93.1902635,
              44.4600937
            ],
            [
              -93.1902362,
              44.4600881
            ],
            [
              -93.1902105,
              44.4600794
            ],
            [
              -93.1901871,
              44.4600679
            ],
            [
              -93.1901166,
              44.4600623
            ],
            [
              -93.1900457,
              44.4600627
            ],
            [
              -93.1899754,
              44.460069
            ],
            [
              -93.1899065,
              44.4600812
            ],
            [
              -93.1898402,
              44.4600991
            ],
            [
              -93.1898054,
              44.4601153
            ],
            [
              -93.189775,
              44.4601354
            ],
            [
              -93.1897499,
              44.460159
            ],
            [
              -93.1897307,
              44.4601853
            ],
            [
              -93.189718,
              44.4602135
            ],
            [
              -93.1897122,
              44.4602429
            ],
            [
              -93.1897088,
              44.4602769
            ],
            [
              -93.1896853,
              44.460299
            ],
            [
              -93.189656,
              44.4603235
            ],
            [
              -93.1896292,
              44.4603597
            ],
            [
              -93.1896028,
              44.4603959
            ],
            [
              -93.189574,
              44.4604348
            ],
            [
              -93.1895573,
              44.4604633
            ],
            [
              -93.1895489,
              44.4604876
            ],
            [
              -93.1895639,
              44.4605126
            ],
            [
              -93.1895803,
              44.4605314
            ],
            [
              -93.1895962,
              44.4605535
            ],
            [
              -93.1896115,
              44.4605853
            ],
            [
              -93.1896064,
              44.4606243
            ],
            [
              -93.1895922,
              44.4606659
            ],
            [
              -93.1895533,
              44.4607443
            ],
            [
              -93.1895746,
              44.4607923
            ],
            [
              -93.1895784,
              44.4608574
            ],
            [
              -93.1895968,
              44.4610182
            ],
            [
              -93.1895879,
              44.4611077
            ],
            [
              -93.189608,
              44.4612095
            ],
            [
              -93.1896048,
              44.4612865
            ],
            [
              -93.1896356,
              44.4613559
            ],
            [
              -93.189657,
              44.4614672
            ],
            [
              -93.1896414,
              44.4615413
            ],
            [
              -93.1896442,
              44.4616313
            ],
            [
              -93.1896649,
              44.4617389
            ],
            [
              -93.1897056,
              44.461818
            ],
            [
              -93.1897326,
              44.4618965
            ],
            [
              -93.1897442,
              44.4619797
            ],
            [
              -93.1897514,
              44.4620599
            ],
            [
              -93.1897548,
              44.4620984
            ],
            [
              -93.1897411,
              44.4621385
            ],
            [
              -93.1897249,
              44.4622251
            ],
            [
              -93.1897024,
              44.4622909
            ],
            [
              -93.1896797,
              44.462357
            ],
            [
              -93.1896535,
              44.4624335
            ],
            [
              -93.1896589,
              44.4624807
            ],
            [
              -93.1896935,
              44.462508
            ],
            [
              -93.1897503,
              44.4625331
            ],
            [
              -93.1898474,
              44.4625705
            ],
            [
              -93.1898981,
              44.4625929
            ],
            [
              -93.1899903,
              44.4626439
            ],
            [
              -93.1900798,
              44.4626834
            ],
            [
              -93.1901771,
              44.4627264
            ],
            [
              -93.1902553,
              44.4627696
            ],
            [
              -93.190316,
              44.4628176
            ],
            [
              -93.1903792,
              44.4628526
            ],
            [
              -93.1904535,
              44.4629264
            ],
            [
              -93.1905034,
              44.4629958
            ],
            [
              -93.1906061,
              44.463077
            ],
            [
              -93.1906899,
              44.4631433
            ],
            [
              -93.1907081,
              44.4631748
            ],
            [
              -93.1907282,
              44.4632371
            ],
            [
              -93.1907703,
              44.4632956
            ]
          ],
          [
            [
              -93.1908824,
              44.464135
            ],
            [
              -93.190865,
              44.4640339
            ],
            [
              -93.1908618,
              44.4639254
            ],
            [
              -93.1908317,
              44.4637507
            ],
            [
              -93.1908045,
              44.4635925
            ],
            [
              -93.1907818,
              44.4634261
            ],
            [
              -93.1907714,
              44.463284
            ]
          ]
        ]
      }
    },
    {
      "type": "Feature",
      "properties": {
        "FID": 10,
        "NAME": "Forest Restoration Loop 2",
        "Type": "Wide Unpaved Trail",
        "_layer": "Natural Lands Segments"
      },
      "geometry": {
        "type": "LineString",
        "coordinates": [
          [
            -93.1896501,
            44.4596141
          ],
          [
            -93.1896763,
            44.4599626
          ],
          [
            -93.1896747,
            44.4599841
          ],
          [
            -93.1896781,
            44.4600054
          ],
          [
            -93.1896863,
            44.460026
          ],
          [
            -93.1896992,
            44.4600454
          ],
          [
            -93.1897163,
            44.4600631
          ],
          [
            -93.1897372,
            44.4600784
          ],
          [
            -93.1897614,
            44.4600911
          ],
          [
            -93.189786,
            44.4601
          ],
          [
            -93.1897979,
            44.4601088
          ],
          [
            -93.1897988,
            44.4601202
          ],
          [
            -93.1898417,
            44.4600989
          ],
          [
            -93.1898869,
            44.4600859
          ],
          [
            -93.1899602,
            44.4600713
          ],
          [
            -93.1900354,
            44.4600633
          ],
          [
            -93.1901115,
            44.4600622
          ],
          [
            -93.1901871,
            44.4600679
          ],
          [
            -93.190209,
            44.4600794
          ],
          [
            -93.1902332,
            44.4600881
          ],
          [
            -93.190259,
            44.460094
          ],
          [
            -93.1902858,
            44.4600968
          ],
          [
            -93.1903129,
            44.4600965
          ],
          [
            -93.1903396,
            44.4600931
          ],
          [
            -93.1903652,
            44.4600867
          ],
          [
            -93.190389,
            44.4600774
          ],
          [
            -93.1904104,
            44.4600656
          ],
          [
            -93.1904289,
            44.4600514
          ],
          [
            -93.190444,
            44.4600353
          ],
          [
            -93.190456,
            44.4600149
          ],
          [
            -93.1904723,
            44.4599962
          ],
          [
            -93.1904925,
            44.4599795
          ],
          [
            -93.1905162,
            44.4599653
          ],
          [
            -93.1905427,
            44.459954
          ],
          [
            -93.1905713,
            44.4599457
          ],
          [
            -93.1906014,
            44.4599408
          ],
          [
            -93.1906322,
            44.4599394
          ],
          [
            -93.1906629,
            44.4599415
          ],
          [
            -93.190687,
            44.4599476
          ],
          [
            -93.1907097,
            44.4599561
          ],
          [
            -93.1907304,
            44.4599669
          ],
          [
            -93.1907783,
            44.4599146
          ],
          [
            -93.1908192,
            44.4598593
          ],
          [
            -93.1908527,
            44.4598015
          ],
          [
            -93.1908661,
            44.4597778
          ],
          [
            -93.1908888,
            44.4597836
          ],
          [
            -93.1909152,
            44.4598017
          ],
          [
            -93.1909426,
            44.4597972
          ],
          [
            -93.1909135,
            44.4598005
          ],
          [
            -93.1908845,
            44.4597806
          ],
          [
            -93.1908656,
            44.4597792
          ],
          [
            -93.1908784,
            44.4597417
          ],
          [
            -93.1908962,
            44.4596804
          ],
          [
            -93.1909058,
            44.4596182
          ],
          [
            -93.1909072,
            44.4595557
          ],
          [
            -93.1909007,
            44.4594686
          ],
          [
            -93.1908984,
            44.4593825
          ],
          [
            -93.1909004,
            44.4592914
          ],
          [
            -93.1909136,
            44.4592065
          ],
          [
            -93.1909191,
            44.4591251
          ],
          [
            -93.1908981,
            44.4590645
          ],
          [
            -93.190841,
            44.4589845
          ],
          [
            -93.1907905,
            44.4589138
          ],
          [
            -93.1907336,
            44.4588438
          ],
          [
            -93.1907004,
            44.4587876
          ],
          [
            -93.1906765,
            44.4587342
          ],
          [
            -93.1907081,
            44.4586915
          ],
          [
            -93.1907332,
            44.4586707
          ],
          [
            -93.1907438,
            44.4586431
          ],
          [
            -93.1907358,
            44.4586072
          ],
          [
            -93.1907059,
            44.4585826
          ],
          [
            -93.1906766,
            44.4585417
          ],
          [
            -93.1906825,
            44.458504
          ],
          [
            -93.1907258,
            44.4584567
          ],
          [
            -93.1907796,
            44.4584198
          ],
          [
            -93.1908406,
            44.4583895
          ],
          [
            -93.1908918,
            44.458364
          ],
          [
            -93.1909295,
            44.4583229
          ],
          [
            -93.190941,
            44.4582832
          ],
          [
            -93.1909195,
            44.4582456
          ],
          [
            -93.190894,
            44.4582011
          ],
          [
            -93.1908784,
            44.4581665
          ],
          [
            -93.1908755,
            44.4581273
          ],
          [
            -93.1908856,
            44.4580925
          ],
          [
            -93.1908953,
            44.4580649
          ],
          [
            -93.190905,
            44.4580372
          ],
          [
            -93.1909147,
            44.4580037
          ],
          [
            -93.1909301,
            44.4579829
          ],
          [
            -93.1909494,
            44.4579539
          ],
          [
            -93.1909462,
            44.4579117
          ],
          [
            -93.1909401,
            44.4578845
          ],
          [
            -93.1909322,
            44.4578637
          ],
          [
            -93.1909257,
            44.4578413
          ],
          [
            -93.1909115,
            44.4578166
          ],
          [
            -93.1908962,
            44.4577977
          ],
          [
            -93.1908753,
            44.4577868
          ],
          [
            -93.1908432,
            44.4577633
          ],
          [
            -93.1907999,
            44.4577453
          ],
          [
            -93.1907641,
            44.457737
          ],
          [
            -93.1907111,
            44.4577091
          ],
          [
            -93.1906552,
            44.4576931
          ],
          [
            -93.1906001,
            44.4576478
          ],
          [
            -93.1905399,
            44.4575833
          ],
          [
            -93.1905216,
            44.4575609
          ],
          [
            -93.1905135,
            44.4575388
          ],
          [
            -93.1904648,
            44.4575149
          ],
          [
            -93.1904388,
            44.4574911
          ],
          [
            -93.1904145,
            44.4574571
          ],
          [
            -93.1904063,
            44.4574205
          ],
          [
            -93.1903661,
            44.4573874
          ],
          [
            -93.1903154,
            44.4573457
          ],
          [
            -93.1902768,
            44.457316
          ],
          [
            -93.1902149,
            44.4573016
          ],
          [
            -93.1901362,
            44.4572801
          ],
          [
            -93.1900926,
            44.4572502
          ],
          [
            -93.1900659,
            44.4572036
          ],
          [
            -93.190048,
            44.4571569
          ],
          [
            -93.1900035,
            44.4570043
          ]
        ]
      }
    },
    {
      "type": "Feature",
      "properties": {
        "FID": 17,
        "NAME": "Heath Creek Entrance ",
        "Type": "Wide Unpaved Trail",
        "_layer": "Natural Lands Segments"
      },
      "geometry": {
        "type": "LineString",
        "coordinates": [
          [
            -93.1898777,
            44.4567353
          ],
          [
            -93.1898752,
            44.4567079
          ],
          [
            -93.1898657,
            44.4566741
          ],
          [
            -93.1898577,
            44.4566454
          ],
          [
            -93.1898488,
            44.4566169
          ],
          [
            -93.1898493,
            44.4565776
          ],
          [
            -93.1898485,
            44.4565456
          ],
          [
            -93.1898497,
            44.4565114
          ],
          [
            -93.1898378,
            44.4564743
          ],
          [
            -93.1898283,
            44.4564403
          ],
          [
            -93.1898283,
            44.4564058
          ],
          [
            -93.1898323,
            44.4563754
          ],
          [
            -93.1898348,
            44.4563461
          ],
          [
            -93.1898297,
            44.4563116
          ],
          [
            -93.1898163,
            44.4562816
          ],
          [
            -93.1898162,
            44.4562538
          ],
          [
            -93.1898118,
            44.4562186
          ],
          [
            -93.1897963,
            44.4561871
          ],
          [
            -93.189778,
            44.4561554
          ],
          [
            -93.1897573,
            44.4561201
          ],
          [
            -93.1897388,
            44.4560928
          ],
          [
            -93.1897168,
            44.4560656
          ],
          [
            -93.1896938,
            44.4560363
          ],
          [
            -93.189677,
            44.4560058
          ],
          [
            -93.1896547,
            44.4559763
          ],
          [
            -93.1896255,
            44.4559514
          ],
          [
            -93.1895958,
            44.4559223
          ],
          [
            -93.1895707,
            44.4558974
          ],
          [
            -93.1895537,
            44.4558708
          ],
          [
            -93.1895325,
            44.4558459
          ],
          [
            -93.1895075,
            44.4558191
          ],
          [
            -93.1894898,
            44.4557856
          ],
          [
            -93.189476,
            44.4557589
          ],
          [
            -93.1894507,
            44.4557344
          ],
          [
            -93.1894122,
            44.4557053
          ],
          [
            -93.1893772,
            44.4556766
          ],
          [
            -93.1893637,
            44.4556431
          ],
          [
            -93.1893518,
            44.4556103
          ],
          [
            -93.1893443,
            44.4555824
          ],
          [
            -93.1893193,
            44.4555519
          ],
          [
            -93.1892803,
            44.4555286
          ],
          [
            -93.1892503,
            44.4554984
          ],
          [
            -93.1892272,
            44.4554613
          ],
          [
            -93.1892218,
            44.4554248
          ],
          [
            -93.1892283,
            44.4553904
          ],
          [
            -93.1892417,
            44.4553646
          ],
          [
            -93.1892443,
            44.4553326
          ],
          [
            -93.1892387,
            44.4553051
          ],
          [
            -93.1892458,
            44.4552738
          ],
          [
            -93.1892565,
            44.4552438
          ],
          [
            -93.1892538,
            44.4552144
          ],
          [
            -93.1892637,
            44.4551874
          ],
          [
            -93.1892745,
            44.4551549
          ],
          [
            -93.1892817,
            44.4551241
          ],
          [
            -93.1892863,
            44.4550968
          ],
          [
            -93.189271,
            44.4550621
          ],
          [
            -93.1892433,
            44.4550331
          ],
          [
            -93.1892132,
            44.4550031
          ],
          [
            -93.1892243,
            44.4549721
          ],
          [
            -93.1892378,
            44.4549439
          ],
          [
            -93.1892563,
            44.4549109
          ],
          [
            -93.1892687,
            44.4548763
          ],
          [
            -93.1892675,
            44.4548393
          ],
          [
            -93.1892732,
            44.4548089
          ],
          [
            -93.189277,
            44.4547783
          ],
          [
            -93.1892612,
            44.4547494
          ],
          [
            -93.1892597,
            44.4547131
          ],
          [
            -93.1892737,
            44.4546859
          ],
          [
            -93.1892853,
            44.4546569
          ],
          [
            -93.189286,
            44.4546266
          ]
        ]
      }
    },
    {
      "type": "Feature",
      "properties": {
        "FID": 93,
        "NAME": "Heath Creek Hill",
        "Type": "Wide Unpaved Trail",
        "_layer": "Natural Lands Segments"
      },
      "geometry": {
        "type": "LineString",
        "coordinates": [
          [
            -93.1892794,
            44.4545695
          ],
          [
            -93.1892773,
            44.4545606
          ],
          [
            -93.1892826,
            44.4545106
          ],
          [
            -93.1892832,
            44.4544691
          ],
          [
            -93.1892956,
            44.4543303
          ],
          [
            -93.189296,
            44.4542072
          ],
          [
            -93.1892978,
            44.4541325
          ],
          [
            -93.1892846,
            44.4540654
          ],
          [
            -93.1891213,
            44.4539891
          ],
          [
            -93.1890603,
            44.4539248
          ],
          [
            -93.1890109,
            44.4538583
          ],
          [
            -93.1890445,
            44.4538106
          ],
          [
            -93.1890973,
            44.4537845
          ],
          [
            -93.1891323,
            44.4537595
          ],
          [
            -93.1891691,
            44.4537004
          ],
          [
            -93.1892189,
            44.4536499
          ],
          [
            -93.1892801,
            44.4535997
          ],
          [
            -93.1892407,
            44.4535431
          ],
          [
            -93.18924,
            44.4535421
          ],
          [
            -93.1891636,
            44.453527
          ],
          [
            -93.189035,
            44.4535277
          ],
          [
            -93.1889499,
            44.4535436
          ],
          [
            -93.1888579,
            44.4535539
          ],
          [
            -93.1887535,
            44.4535442
          ],
          [
            -93.1887259,
            44.4535376
          ]
        ]
      }
    },
    {
      "type": "Feature",
      "properties": {
        "FID": 89,
        "NAME": "Heath Creek Middle 2",
        "Type": "Wide Unpaved Trail",
        "_layer": "Natural Lands Segments"
      },
      "geometry": {
        "type": "LineString",
        "coordinates": [
          [
            -93.1879123,
            44.4516595
          ],
          [
            -93.1879272,
            44.4516849
          ],
          [
            -93.1879256,
            44.4517078
          ],
          [
            -93.1878924,
            44.4516405
          ],
          [
            -93.1878457,
            44.4515902
          ],
          [
            -93.1877136,
            44.4515404
          ],
          [
            -93.1876638,
            44.4515122
          ],
          [
            -93.1876692,
            44.4514943
          ],
          [
            -93.1876818,
            44.4514596
          ],
          [
            -93.187702,
            44.4514268
          ],
          [
            -93.1877282,
            44.4514028
          ],
          [
            -93.1877518,
            44.4513804
          ],
          [
            -93.1877553,
            44.4513514
          ],
          [
            -93.1877765,
            44.4513193
          ],
          [
            -93.1877927,
            44.4512908
          ],
          [
            -93.1878056,
            44.451266
          ],
          [
            -93.1878075,
            44.4512624
          ],
          [
            -93.1878103,
            44.4512561
          ]
        ]
      }
    },
    {
      "type": "Feature",
      "properties": {
        "FID": 38,
        "NAME": " Heath Creek North West 0",
        "Type": "Narrow Unpaved Trail",
        "_layer": "Natural Lands Segments"
      },
      "geometry": {
        "type": "LineString",
        "coordinates": [
          [
            -93.1894483,
            44.4535015
          ],
          [
            -93.1894008,
            44.4535058
          ]
        ]
      }
    },
    {
      "type": "Feature",
      "properties": {
        "FID": 88,
        "NAME": "Heath Creek South West 0",
        "Type": "Narrow Unpaved Trail",
        "_layer": "Natural Lands Segments"
      },
      "geometry": {
        "type": "LineString",
        "coordinates": [
          [
            -93.1879519,
            44.4511037
          ],
          [
            -93.1879524,
            44.451103
          ],
          [
            -93.1879436,
            44.4511045
          ],
          [
            -93.187931,
            44.4511176
          ],
          [
            -93.1878927,
            44.4511819
          ],
          [
            -93.1878391,
            44.4512259
          ],
          [
            -93.1878139,
            44.4512619
          ],
          [
            -93.1878065,
            44.4512645
          ]
        ]
      }
    },
    {
      "type": "Feature",
      "properties": {
        "FID": 13,
        "NAME": "Hoyme Trail",
        "Type": "Access Trail",
        "_layer": "Natural Lands Segments"
      },
      "geometry": {
        "type": "LineString",
        "coordinates": [
          [
            -93.1897388,
            44.460082
          ],
          [
            -93.1885496,
            44.4600681
          ]
        ]
      }
    },
    {
      "type": "Feature",
      "properties": {
        "FID": 7,
        "NAME": "Knoll Loop",
        "Type": "Wide Unpaved Trail",
        "_layer": "Natural Lands Segments"
      },
      "geometry": {
        "type": "LineString",
        "coordinates": [
          [
            -93.1842943,
            44.4687184
          ],
          [
            -93.184339,
            44.468711
          ],
          [
            -93.1843848,
            44.468709
          ],
          [
            -93.1844304,
            44.4687122
          ],
          [
            -93.1844748,
            44.4687207
          ],
          [
            -93.1844931,
            44.4687402
          ],
          [
            -93.1845145,
            44.4687742
          ],
          [
            -93.1845367,
            44.4688023
          ],
          [
            -93.184557,
            44.4688259
          ],
          [
            -93.1845799,
            44.4688504
          ],
          [
            -93.1845971,
            44.4688705
          ],
          [
            -93.1846448,
            44.4689066
          ],
          [
            -93.1846937,
            44.4689244
          ],
          [
            -93.1847438,
            44.468934
          ],
          [
            -93.184812,
            44.4689387
          ],
          [
            -93.1848593,
            44.4689404
          ],
          [
            -93.184922,
            44.4689386
          ],
          [
            -93.1849828,
            44.4689408
          ],
          [
            -93.1850777,
            44.4689417
          ],
          [
            -93.1851737,
            44.4689428
          ],
          [
            -93.1852756,
            44.4689418
          ],
          [
            -93.1853617,
            44.468941
          ],
          [
            -93.1854684,
            44.4689422
          ],
          [
            -93.1855616,
            44.4689413
          ],
          [
            -93.1856147,
            44.4689407
          ],
          [
            -93.185669,
            44.4689427
          ],
          [
            -93.185715,
            44.4689406
          ],
          [
            -93.1857608,
            44.4689331
          ],
          [
            -93.1857763,
            44.4689227
          ],
          [
            -93.1857991,
            44.4689058
          ],
          [
            -93.18582,
            44.4688829
          ],
          [
            -93.1858286,
            44.4688698
          ],
          [
            -93.185839,
            44.4688539
          ],
          [
            -93.1858445,
            44.4688389
          ],
          [
            -93.1858481,
            44.468823
          ],
          [
            -93.1858529,
            44.4688097
          ],
          [
            -93.1858565,
            44.468797
          ],
          [
            -93.1858591,
            44.4687858
          ],
          [
            -93.1858575,
            44.4687737
          ],
          [
            -93.1858617,
            44.4687593
          ],
          [
            -93.1858664,
            44.4687427
          ],
          [
            -93.1858754,
            44.4687197
          ],
          [
            -93.1858945,
            44.4687055
          ],
          [
            -93.1859045,
            44.4686967
          ],
          [
            -93.1859267,
            44.4686873
          ],
          [
            -93.185948,
            44.4686795
          ],
          [
            -93.1859828,
            44.4686705
          ],
          [
            -93.1860307,
            44.4686615
          ],
          [
            -93.1860809,
            44.4686507
          ],
          [
            -93.1861349,
            44.4686419
          ],
          [
            -93.1861863,
            44.4686259
          ],
          [
            -93.1862346,
            44.4686055
          ],
          [
            -93.1862794,
            44.4685833
          ],
          [
            -93.1863041,
            44.46856
          ],
          [
            -93.186325,
            44.4685314
          ],
          [
            -93.1863338,
            44.4684939
          ],
          [
            -93.1863371,
            44.4684627
          ],
          [
            -93.186336,
            44.468425
          ],
          [
            -93.1863235,
            44.4683996
          ],
          [
            -93.1863032,
            44.4683711
          ],
          [
            -93.1862729,
            44.4683432
          ],
          [
            -93.1862392,
            44.4683203
          ],
          [
            -93.1861646,
            44.4682752
          ],
          [
            -93.1860713,
            44.4682228
          ],
          [
            -93.1859737,
            44.468176
          ],
          [
            -93.1858557,
            44.4681317
          ],
          [
            -93.1857571,
            44.4680892
          ],
          [
            -93.1857154,
            44.4680692
          ],
          [
            -93.1856818,
            44.4680398
          ],
          [
            -93.1856614,
            44.4680077
          ],
          [
            -93.1856509,
            44.4679792
          ],
          [
            -93.1856245,
            44.4679511
          ],
          [
            -93.1855906,
            44.4679286
          ],
          [
            -93.18556,
            44.4679154
          ],
          [
            -93.1855293,
            44.4679021
          ],
          [
            -93.1855081,
            44.4678913
          ],
          [
            -93.1854849,
            44.4678828
          ],
          [
            -93.1854602,
            44.4678769
          ],
          [
            -93.1854345,
            44.4678738
          ],
          [
            -93.1854084,
            44.4678736
          ],
          [
            -93.1853826,
            44.4678761
          ],
          [
            -93.185365,
            44.4678703
          ],
          [
            -93.1853489,
            44.4678626
          ],
          [
            -93.1853348,
            44.4678532
          ],
          [
            -93.1853229,
            44.4678422
          ],
          [
            -93.1853136,
            44.4678301
          ],
          [
            -93.1853071,
            44.467817
          ],
          [
            -93.1853036,
            44.4678034
          ],
          [
            -93.1853032,
            44.4677895
          ],
          [
            -93.1853059,
            44.4677758
          ],
          [
            -93.1853116,
            44.4677626
          ],
          [
            -93.1853096,
            44.4677474
          ],
          [
            -93.1853041,
            44.4677326
          ],
          [
            -93.1852953,
            44.4677188
          ],
          [
            -93.1852834,
            44.4677061
          ],
          [
            -93.1852688,
            44.467695
          ],
          [
            -93.1852519,
            44.4676858
          ],
          [
            -93.185233,
            44.4676787
          ],
          [
            -93.1852128,
            44.467674
          ],
          [
            -93.1851917,
            44.4676717
          ],
          [
            -93.1851704,
            44.4676719
          ],
          [
            -93.1851495,
            44.4676746
          ],
          [
            -93.1851294,
            44.4676797
          ],
          [
            -93.185085,
            44.4677018
          ],
          [
            -93.1850334,
            44.467727
          ],
          [
            -93.1849978,
            44.467749
          ],
          [
            -93.1849543,
            44.4677844
          ],
          [
            -93.1849204,
            44.4678218
          ],
          [
            -93.184882,
            44.4678579
          ],
          [
            -93.1848584,
            44.4678963
          ],
          [
            -93.1848384,
            44.4679473
          ],
          [
            -93.1847986,
            44.468029
          ],
          [
            -93.1847746,
            44.4681124
          ],
          [
            -93.18475,
            44.4681981
          ],
          [
            -93.1847374,
            44.4682543
          ],
          [
            -93.184736,
            44.4683178
          ],
          [
            -93.1847102,
            44.4683874
          ],
          [
            -93.1846919,
            44.4684367
          ],
          [
            -93.1846722,
            44.468487
          ],
          [
            -93.1846426,
            44.468535
          ],
          [
            -93.1846249,
            44.4685602
          ],
          [
            -93.1846044,
            44.4685739
          ],
          [
            -93.1845914,
            44.4685917
          ],
          [
            -93.1845744,
            44.4686077
          ],
          [
            -93.1845539,
            44.4686213
          ],
          [
            -93.1845305,
            44.4686323
          ],
          [
            -93.1845048,
            44.4686403
          ],
          [
            -93.1844304,
            44.4686602
          ],
          [
            -93.1843599,
            44.4686863
          ],
          [
            -93.1842943,
            44.4687184
          ]
        ]
      }
    },
    {
      "type": "Feature",
      "properties": {
        "FID": 92,
        "NAME": "Middle East Heath Creek 3",
        "Type": "Narrow Unpaved Trail",
        "_layer": "Natural Lands Segments"
      },
      "geometry": {
        "type": "LineString",
        "coordinates": [
          [
            -93.1884163,
            44.453756
          ],
          [
            -93.1884007,
            44.4537509
          ],
          [
            -93.1883648,
            44.4537324
          ],
          [
            -93.1883373,
            44.4537069
          ],
          [
            -93.1883102,
            44.4536864
          ],
          [
            -93.1882885,
            44.4536578
          ],
          [
            -93.1882625,
            44.4536368
          ],
          [
            -93.1882425,
            44.4536133
          ],
          [
            -93.1882223,
            44.4535854
          ],
          [
            -93.1881963,
            44.4535571
          ],
          [
            -93.1881866,
            44.4535418
          ],
          [
            -93.1881897,
            44.4535058
          ],
          [
            -93.1882438,
            44.4534579
          ],
          [
            -93.1883391,
            44.4534224
          ],
          [
            -93.1884009,
            44.4534063
          ]
        ]
      }
    },
    {
      "type": "Feature",
      "properties": {
        "FID": 23,
        "NAME": "Middle Heath Creek ",
        "Type": "Wide Unpaved Trail",
        "_layer": "Natural Lands Segments"
      },
      "geometry": {
        "type": "LineString",
        "coordinates": [
          [
            -93.1879135,
            44.4516207
          ],
          [
            -93.1879133,
            44.4516211
          ],
          [
            -93.1879118,
            44.4516586
          ],
          [
            -93.1879272,
            44.4516849
          ],
          [
            -93.1879248,
            44.4517186
          ],
          [
            -93.1879427,
            44.4517439
          ],
          [
            -93.1879533,
            44.4517708
          ],
          [
            -93.1879783,
            44.4517921
          ],
          [
            -93.1879917,
            44.4518276
          ],
          [
            -93.1880222,
            44.4518571
          ],
          [
            -93.1880395,
            44.4518819
          ],
          [
            -93.188063,
            44.4519256
          ],
          [
            -93.1880905,
            44.4519586
          ],
          [
            -93.1881082,
            44.4519876
          ],
          [
            -93.1881298,
            44.4520354
          ],
          [
            -93.1881537,
            44.4520603
          ],
          [
            -93.188157,
            44.4520926
          ],
          [
            -93.188173,
            44.4521171
          ],
          [
            -93.1881777,
            44.4521496
          ],
          [
            -93.1881897,
            44.4521771
          ],
          [
            -93.1882038,
            44.4522124
          ],
          [
            -93.1882278,
            44.4522423
          ],
          [
            -93.1882557,
            44.4522753
          ],
          [
            -93.1882672,
            44.4523106
          ],
          [
            -93.1882983,
            44.4523429
          ],
          [
            -93.188327,
            44.4523661
          ],
          [
            -93.1883578,
            44.4523883
          ],
          [
            -93.188378,
            44.4524121
          ],
          [
            -93.1883945,
            44.4524421
          ],
          [
            -93.1884218,
            44.4524613
          ],
          [
            -93.1884407,
            44.4524896
          ],
          [
            -93.188468,
            44.4525084
          ],
          [
            -93.1884873,
            44.4525401
          ],
          [
            -93.1885005,
            44.4525684
          ],
          [
            -93.1885048,
            44.4525969
          ],
          [
            -93.1885265,
            44.4526236
          ],
          [
            -93.188523,
            44.4526523
          ],
          [
            -93.1885335,
            44.4526816
          ],
          [
            -93.1885157,
            44.4527071
          ],
          [
            -93.1884965,
            44.4527436
          ],
          [
            -93.1885115,
            44.4527708
          ],
          [
            -93.188538,
            44.4527984
          ],
          [
            -93.1885625,
            44.4528311
          ],
          [
            -93.188581,
            44.4528714
          ],
          [
            -93.1885848,
            44.4529123
          ],
          [
            -93.1885915,
            44.4529408
          ],
          [
            -93.1886003,
            44.4529771
          ],
          [
            -93.1886182,
            44.4530028
          ],
          [
            -93.1886192,
            44.4530349
          ],
          [
            -93.1886365,
            44.4530656
          ],
          [
            -93.1886478,
            44.4530978
          ],
          [
            -93.1886593,
            44.4531308
          ],
          [
            -93.1886667,
            44.4531643
          ],
          [
            -93.1886835,
            44.4531904
          ],
          [
            -93.1886747,
            44.4532211
          ],
          [
            -93.1886515,
            44.4532464
          ],
          [
            -93.188616,
            44.4532711
          ],
          [
            -93.188575,
            44.4532928
          ],
          [
            -93.188538,
            44.4533166
          ],
          [
            -93.1885345,
            44.4533463
          ],
          [
            -93.1884985,
            44.4533656
          ],
          [
            -93.1884563,
            44.4533781
          ],
          [
            -93.1884222,
            44.4534014
          ],
          [
            -93.1884088,
            44.4534324
          ],
          [
            -93.1884073,
            44.4534633
          ],
          [
            -93.1884223,
            44.4534956
          ],
          [
            -93.1884322,
            44.4535233
          ],
          [
            -93.1884573,
            44.4535494
          ],
          [
            -93.1884725,
            44.4535783
          ],
          [
            -93.1885017,
            44.4535956
          ],
          [
            -93.188519,
            44.4535646
          ],
          [
            -93.188535,
            44.4535323
          ],
          [
            -93.1885507,
            44.4534983
          ],
          [
            -93.1885958,
            44.4534873
          ],
          [
            -93.1886428,
            44.4534828
          ],
          [
            -93.188671,
            44.4535093
          ],
          [
            -93.1887035,
            44.4535299
          ],
          [
            -93.1887433,
            44.4535363
          ],
          [
            -93.1887888,
            44.4535398
          ],
          [
            -93.1888277,
            44.4535339
          ],
          [
            -93.18886,
            44.4535183
          ],
          [
            -93.1888993,
            44.4535019
          ],
          [
            -93.1889367,
            44.4534861
          ],
          [
            -93.1889783,
            44.4534808
          ],
          [
            -93.1890205,
            44.4534618
          ],
          [
            -93.1890598,
            44.4534474
          ],
          [
            -93.1890932,
            44.4534258
          ],
          [
            -93.1891388,
            44.4534309
          ],
          [
            -93.1891875,
            44.4534464
          ],
          [
            -93.1892298,
            44.4534396
          ]
        ]
      }
    },
    {
      "type": "Feature",
      "properties": {
        "FID": 91,
        "NAME": "Middle Heath Creek East",
        "Type": "Narrow Unpaved Trail",
        "_layer": "Natural Lands Segments"
      },
      "geometry": {
        "type": "LineString",
        "coordinates": [
          [
            -93.1892579,
            44.4545747
          ],
          [
            -93.1892508,
            44.4545686
          ],
          [
            -93.1892107,
            44.4545556
          ],
          [
            -93.1891678,
            44.4545428
          ],
          [
            -93.1891452,
            44.4545199
          ],
          [
            -93.1891142,
            44.4544963
          ],
          [
            -93.189082,
            44.4544779
          ],
          [
            -93.1890702,
            44.4544493
          ],
          [
            -93.1890618,
            44.4544169
          ],
          [
            -93.1890647,
            44.4543859
          ],
          [
            -93.1890803,
            44.4543608
          ],
          [
            -93.1891087,
            44.4543426
          ],
          [
            -93.189139,
            44.4543161
          ],
          [
            -93.1891598,
            44.4542918
          ],
          [
            -93.1891519,
            44.4542743
          ],
          [
            -93.1891435,
            44.4542605
          ],
          [
            -93.1891288,
            44.4542444
          ],
          [
            -93.1891016,
            44.4542392
          ],
          [
            -93.1890807,
            44.4542376
          ],
          [
            -93.1890417,
            44.4542388
          ],
          [
            -93.189004,
            44.4542508
          ],
          [
            -93.188981,
            44.4542741
          ],
          [
            -93.1889515,
            44.4542984
          ],
          [
            -93.1889273,
            44.4543198
          ],
          [
            -93.1889073,
            44.4543491
          ],
          [
            -93.1888938,
            44.4543783
          ],
          [
            -93.1888942,
            44.4544084
          ],
          [
            -93.1888939,
            44.4544087
          ],
          [
            -93.1889064,
            44.4544749
          ],
          [
            -93.1889085,
            44.4545228
          ],
          [
            -93.1888912,
            44.4545722
          ],
          [
            -93.1888501,
            44.4546248
          ],
          [
            -93.1887678,
            44.454651
          ],
          [
            -93.1886833,
            44.454651
          ],
          [
            -93.1885816,
            44.4546263
          ],
          [
            -93.1885318,
            44.4546016
          ],
          [
            -93.1885058,
            44.4545413
          ],
          [
            -93.1885404,
            44.4544857
          ],
          [
            -93.1885989,
            44.4544331
          ],
          [
            -93.1886141,
            44.4543883
          ],
          [
            -93.188621,
            44.4543697
          ]
        ]
      }
    },
    {
      "type": "Feature",
      "properties": {
        "FID": 69,
        "NAME": "Middle Heath Creek East 2 ",
        "Type": "Narrow Unpaved Trail",
        "_layer": "Natural Lands Segments"
      },
      "geometry": {
        "type": "LineString",
        "coordinates": [
          [
            -93.1886312,
            44.4543698
          ],
          [
            -93.1886312,
            44.4543698
          ],
          [
            -93.1886252,
            44.4543431
          ],
          [
            -93.1886093,
            44.4543134
          ],
          [
            -93.1885973,
            44.4542803
          ],
          [
            -93.188579,
            44.4542558
          ],
          [
            -93.1885755,
            44.4542249
          ],
          [
            -93.1885607,
            44.4541938
          ],
          [
            -93.1885433,
            44.4541594
          ],
          [
            -93.1885412,
            44.4541321
          ],
          [
            -93.1885353,
            44.4541004
          ],
          [
            -93.188545,
            44.4540738
          ],
          [
            -93.1885357,
            44.4540463
          ],
          [
            -93.1885283,
            44.4540176
          ],
          [
            -93.1885168,
            44.4539918
          ],
          [
            -93.1885137,
            44.4539604
          ],
          [
            -93.1885067,
            44.4539321
          ],
          [
            -93.1885068,
            44.4539044
          ],
          [
            -93.1885023,
            44.4538731
          ],
          [
            -93.1884973,
            44.4538441
          ],
          [
            -93.188493,
            44.4538128
          ],
          [
            -93.1884732,
            44.4537869
          ],
          [
            -93.1884413,
            44.4537643
          ],
          [
            -93.1884293,
            44.4537603
          ]
        ]
      }
    },
    {
      "type": "Feature",
      "properties": {
        "FID": 31,
        "NAME": "Middle West Heath Creek ",
        "Type": "Narrow Unpaved Trail",
        "_layer": "Natural Lands Segments"
      },
      "geometry": {
        "type": "LineString",
        "coordinates": [
          [
            -93.1903923,
            44.4538511
          ],
          [
            -93.1903463,
            44.4538421
          ],
          [
            -93.1903147,
            44.4538249
          ],
          [
            -93.1902698,
            44.4538159
          ],
          [
            -93.1902285,
            44.4538016
          ],
          [
            -93.190187,
            44.4537864
          ],
          [
            -93.1901472,
            44.4537798
          ],
          [
            -93.1901068,
            44.4537698
          ],
          [
            -93.1900628,
            44.4537469
          ],
          [
            -93.1900357,
            44.4537271
          ],
          [
            -93.1900045,
            44.4537054
          ],
          [
            -93.1899612,
            44.4536886
          ],
          [
            -93.1899205,
            44.4536696
          ],
          [
            -93.1898988,
            44.4536444
          ],
          [
            -93.1898989,
            44.4536429
          ]
        ]
      }
    },
    {
      "type": "Feature",
      "properties": {
        "FID": 94,
        "NAME": "Middle West Heath Creek 2",
        "Type": "Narrow Unpaved Trail",
        "_layer": "Natural Lands Segments"
      },
      "geometry": {
        "type": "LineString",
        "coordinates": [
          [
            -93.1896165,
            44.4535185
          ],
          [
            -93.1896549,
            44.4535244
          ],
          [
            -93.1897448,
            44.4535605
          ],
          [
            -93.1898037,
            44.4535887
          ],
          [
            -93.1898989,
            44.4536429
          ],
          [
            -93.1898988,
            44.4536444
          ],
          [
            -93.1899148,
            44.4536629
          ]
        ]
      }
    },
    {
      "type": "Feature",
      "properties": {
        "FID": 65,
        "NAME": "Middle West Heath Creek 3",
        "Type": "Narrow Unpaved Trail",
        "_layer": "Natural Lands Segments"
      },
      "geometry": {
        "type": "LineString",
        "coordinates": [
          [
            -93.189603,
            44.4535151
          ],
          [
            -93.189587,
            44.4535154
          ],
          [
            -93.1895422,
            44.4535086
          ],
          [
            -93.1894948,
            44.4534979
          ],
          [
            -93.1894485,
            44.4535013
          ]
        ]
      }
    },
    {
      "type": "Feature",
      "properties": {
        "FID": 95,
        "NAME": "North West Heath Creek",
        "Type": "Narrow Unpaved Trail",
        "_layer": "Natural Lands Segments"
      },
      "geometry": {
        "type": "LineString",
        "coordinates": [
          [
            -93.1905942,
            44.4538666
          ],
          [
            -93.1905555,
            44.4538695
          ],
          [
            -93.1905922,
            44.4538645
          ],
          [
            -93.1907079,
            44.4538573
          ],
          [
            -93.1908113,
            44.453887
          ],
          [
            -93.1908765,
            44.4539247
          ],
          [
            -93.1909113,
            44.4540097
          ],
          [
            -93.1909035,
            44.4540627
          ],
          [
            -93.1908158,
            44.454122
          ],
          [
            -93.1907192,
            44.4541461
          ],
          [
            -93.1906663,
            44.454171
          ],
          [
            -93.1906591,
            44.4541839
          ],
          [
            -93.190638,
            44.4542242
          ],
          [
            -93.1905898,
            44.454263
          ],
          [
            -93.1905786,
            44.454281
          ],
          [
            -93.1906018,
            44.4543033
          ],
          [
            -93.1905951,
            44.4543321
          ],
          [
            -93.1905995,
            44.4543692
          ],
          [
            -93.1906073,
            44.4544075
          ],
          [
            -93.1906188,
            44.4544365
          ],
          [
            -93.1906392,
            44.4544751
          ],
          [
            -93.1906521,
            44.4545098
          ],
          [
            -93.1906595,
            44.4545452
          ],
          [
            -93.1906719,
            44.4545778
          ],
          [
            -93.190686,
            44.4546085
          ],
          [
            -93.1907018,
            44.4546417
          ],
          [
            -93.1907179,
            44.4546746
          ],
          [
            -93.1907353,
            44.454707
          ],
          [
            -93.1907498,
            44.4547392
          ],
          [
            -93.1907617,
            44.454771
          ],
          [
            -93.1907689,
            44.4548016
          ],
          [
            -93.1907733,
            44.4548321
          ],
          [
            -93.1907745,
            44.4548639
          ],
          [
            -93.1907795,
            44.4548963
          ],
          [
            -93.19078,
            44.4549318
          ],
          [
            -93.1907782,
            44.4549661
          ],
          [
            -93.1907724,
            44.4549961
          ],
          [
            -93.1907657,
            44.4550329
          ],
          [
            -93.1907637,
            44.4550696
          ],
          [
            -93.190761,
            44.455104
          ],
          [
            -93.1907514,
            44.4551388
          ],
          [
            -93.1907373,
            44.4551768
          ],
          [
            -93.1907231,
            44.4552137
          ],
          [
            -93.1907113,
            44.4552491
          ],
          [
            -93.1907084,
            44.4552864
          ],
          [
            -93.1907103,
            44.4553231
          ],
          [
            -93.1907173,
            44.4553618
          ],
          [
            -93.1907152,
            44.4554073
          ],
          [
            -93.1907099,
            44.455451
          ],
          [
            -93.1907057,
            44.455487
          ],
          [
            -93.1907022,
            44.4555202
          ],
          [
            -93.1907052,
            44.4555611
          ],
          [
            -93.1907139,
            44.4556041
          ],
          [
            -93.1907212,
            44.4556453
          ],
          [
            -93.1907258,
            44.4556897
          ],
          [
            -93.1907325,
            44.4557312
          ],
          [
            -93.1907235,
            44.455767
          ],
          [
            -93.1906976,
            44.4557937
          ],
          [
            -93.1906596,
            44.4558049
          ],
          [
            -93.1906216,
            44.4558159
          ],
          [
            -93.1905905,
            44.4558392
          ],
          [
            -93.1905711,
            44.4558719
          ],
          [
            -93.1905582,
            44.4559041
          ],
          [
            -93.1905237,
            44.4559321
          ],
          [
            -93.1904741,
            44.4559549
          ],
          [
            -93.190432,
            44.4559828
          ],
          [
            -93.1904145,
            44.456022
          ],
          [
            -93.1904075,
            44.4560733
          ],
          [
            -93.1904145,
            44.4561142
          ],
          [
            -93.1904139,
            44.4561551
          ],
          [
            -93.1904185,
            44.4561924
          ],
          [
            -93.1904286,
            44.456233
          ],
          [
            -93.1904298,
            44.4562739
          ],
          [
            -93.1904225,
            44.4563129
          ],
          [
            -93.1904025,
            44.4563441
          ],
          [
            -93.1903624,
            44.4563609
          ],
          [
            -93.1903191,
            44.4563646
          ],
          [
            -93.1902754,
            44.4563658
          ],
          [
            -93.1902292,
            44.4563603
          ],
          [
            -93.1901696,
            44.4563537
          ],
          [
            -93.19011,
            44.4563486
          ],
          [
            -93.1900577,
            44.4563507
          ],
          [
            -93.1900057,
            44.4563557
          ],
          [
            -93.1899601,
            44.4563567
          ],
          [
            -93.1899171,
            44.456353
          ],
          [
            -93.1898674,
            44.4563415
          ],
          [
            -93.189834,
            44.4563403
          ],
          [
            -93.1898348,
            44.4563461
          ],
          [
            -93.1898347,
            44.4563474
          ]
        ]
      }
    },
    {
      "type": "Feature",
      "properties": {
        "FID": 14,
        "NAME": "Norway Valley 2",
        "Type": "Access Trail",
        "_layer": "Natural Lands Segments"
      },
      "geometry": {
        "type": "MultiLineString",
        "coordinates": [
          [
            [
              -93.1848113,
              44.4576112
            ],
            [
              -93.1848262,
              44.45757
            ],
            [
              -93.1848502,
              44.4575311
            ],
            [
              -93.1848827,
              44.4574954
            ],
            [
              -93.1849228,
              44.457464
            ],
            [
              -93.1849695,
              44.4574377
            ],
            [
              -93.1850215,
              44.4574171
            ],
            [
              -93.1850775,
              44.4574028
            ],
            [
              -93.1851359,
              44.4573953
            ],
            [
              -93.1851954,
              44.4573946
            ],
            [
              -93.1852701,
              44.4574244
            ],
            [
              -93.1853398,
              44.4574599
            ],
            [
              -93.1854038,
              44.4575007
            ],
            [
              -93.1854611,
              44.4575462
            ],
            [
              -93.1855111,
              44.4575959
            ],
            [
              -93.1855533,
              44.4576492
            ],
            [
              -93.1855871,
              44.4577055
            ],
            [
              -93.1856122,
              44.4577641
            ],
            [
              -93.1856316,
              44.4578051
            ],
            [
              -93.1856437,
              44.4578474
            ],
            [
              -93.1856484,
              44.4578905
            ],
            [
              -93.1856455,
              44.4579337
            ]
          ],
          [
            [
              -93.1856455,
              44.4579337
            ],
            [
              -93.1856836,
              44.4579646
            ],
            [
              -93.185728,
              44.4579909
            ],
            [
              -93.1857776,
              44.458012
            ],
            [
              -93.1858311,
              44.4580273
            ],
            [
              -93.1858873,
              44.4580365
            ],
            [
              -93.1859255,
              44.4580404
            ],
            [
              -93.1859621,
              44.458049
            ],
            [
              -93.1859962,
              44.4580619
            ],
            [
              -93.1860267,
              44.4580789
            ],
            [
              -93.1860527,
              44.4580993
            ],
            [
              -93.1860734,
              44.4581226
            ]
          ],
          [
            [
              -93.1856455,
              44.4579337
            ],
            [
              -93.1855723,
              44.4579669
            ],
            [
              -93.1855042,
              44.4580052
            ],
            [
              -93.1854419,
              44.4580483
            ],
            [
              -93.185386,
              44.4580957
            ],
            [
              -93.1853372,
              44.458147
            ],
            [
              -93.1852958,
              44.4582015
            ],
            [
              -93.1852623,
              44.4582587
            ],
            [
              -93.1852371,
              44.4583181
            ],
            [
              -93.1852976,
              44.4583981
            ],
            [
              -93.1853662,
              44.4584746
            ],
            [
              -93.1854428,
              44.4585471
            ],
            [
              -93.1855268,
              44.4586153
            ],
            [
              -93.1856177,
              44.4586788
            ],
            [
              -93.1857151,
              44.4587371
            ],
            [
              -93.1858183,
              44.4587901
            ],
            [
              -93.1859269,
              44.4588373
            ],
            [
              -93.1860401,
              44.4588784
            ]
          ]
        ]
      }
    },
    {
      "type": "Feature",
      "properties": {
        "FID": 11,
        "NAME": "Norway Valley Trail",
        "Type": "Narrow Unpaved Trail",
        "_layer": "Natural Lands Segments"
      },
      "geometry": {
        "type": "LineString",
        "coordinates": [
          [
            -93.1822496,
            44.4588672
          ],
          [
            -93.1826026,
            44.4588552
          ],
          [
            -93.1829558,
            44.4588491
          ],
          [
            -93.1833092,
            44.4588488
          ],
          [
            -93.1833411,
            44.4588528
          ],
          [
            -93.1833734,
            44.4588528
          ],
          [
            -93.1834053,
            44.4588488
          ],
          [
            -93.1834357,
            44.458841
          ],
          [
            -93.1834638,
            44.4588295
          ],
          [
            -93.1834887,
            44.4588147
          ],
          [
            -93.1835097,
            44.4587971
          ],
          [
            -93.1835261,
            44.4587771
          ],
          [
            -93.1835375,
            44.4587554
          ],
          [
            -93.1835435,
            44.4587327
          ],
          [
            -93.1835439,
            44.4587095
          ],
          [
            -93.1835358,
            44.4586777
          ],
          [
            -93.183535,
            44.4586455
          ],
          [
            -93.1835413,
            44.4586135
          ],
          [
            -93.1835547,
            44.4585827
          ],
          [
            -93.1835747,
            44.4585538
          ],
          [
            -93.183601,
            44.4585275
          ],
          [
            -93.1836327,
            44.4585046
          ],
          [
            -93.1836692,
            44.4584856
          ],
          [
            -93.1837094,
            44.4584711
          ],
          [
            -93.1837523,
            44.4584613
          ],
          [
            -93.1837969,
            44.4584565
          ],
          [
            -93.183853,
            44.4584432
          ],
          [
            -93.1839054,
            44.4584238
          ],
          [
            -93.1839529,
            44.4583986
          ],
          [
            -93.1839943,
            44.4583685
          ],
          [
            -93.1840285,
            44.458334
          ],
          [
            -93.1840547,
            44.458296
          ],
          [
            -93.1840722,
            44.4582556
          ],
          [
            -93.1840805,
            44.4582138
          ],
          [
            -93.1840795,
            44.4581715
          ],
          [
            -93.1840692,
            44.4581298
          ],
          [
            -93.1840499,
            44.4580898
          ],
          [
            -93.1840132,
            44.4580208
          ],
          [
            -93.183984,
            44.4579499
          ],
          [
            -93.1839624,
            44.4578777
          ],
          [
            -93.1839487,
            44.4578044
          ],
          [
            -93.1839429,
            44.4577307
          ],
          [
            -93.183945,
            44.4576568
          ],
          [
            -93.183955,
            44.4575833
          ],
          [
            -93.1839729,
            44.4575105
          ],
          [
            -93.1840062,
            44.4574807
          ],
          [
            -93.1840457,
            44.4574551
          ],
          [
            -93.1840905,
            44.4574344
          ],
          [
            -93.1841394,
            44.4574192
          ],
          [
            -93.1841911,
            44.4574098
          ],
          [
            -93.1842442,
            44.4574066
          ],
          [
            -93.1842974,
            44.4574095
          ],
          [
            -93.1843492,
            44.4574186
          ],
          [
            -93.1843982,
            44.4574335
          ],
          [
            -93.1844203,
            44.4574605
          ],
          [
            -93.1844485,
            44.4574844
          ],
          [
            -93.184482,
            44.4575044
          ],
          [
            -93.1845199,
            44.45752
          ],
          [
            -93.1845609,
            44.4575307
          ],
          [
            -93.1846039,
            44.4575361
          ],
          [
            -93.1846476,
            44.4575362
          ],
          [
            -93.1846828,
            44.4575406
          ],
          [
            -93.1847166,
            44.457549
          ],
          [
            -93.184748,
            44.4575612
          ],
          [
            -93.1847763,
            44.4575768
          ],
          [
            -93.1848008,
            44.4575955
          ],
          [
            -93.1848208,
            44.4576168
          ],
          [
            -93.1848357,
            44.45764
          ],
          [
            -93.1848453,
            44.4576647
          ],
          [
            -93.1848492,
            44.4576902
          ],
          [
            -93.1848471,
            44.4577507
          ],
          [
            -93.1848537,
            44.457811
          ],
          [
            -93.1848688,
            44.4578706
          ],
          [
            -93.1848922,
            44.4579287
          ],
          [
            -93.1849239,
            44.4579848
          ],
          [
            -93.1849634,
            44.4580383
          ],
          [
            -93.1850102,
            44.4580887
          ],
          [
            -93.1850641,
            44.4581353
          ],
          [
            -93.1851242,
            44.4581778
          ],
          [
            -93.1851623,
            44.4582064
          ],
          [
            -93.1851941,
            44.4582388
          ],
          [
            -93.1852188,
            44.4582742
          ],
          [
            -93.1852359,
            44.4583118
          ],
          [
            -93.185245,
            44.4583508
          ],
          [
            -93.1852459,
            44.4583903
          ],
          [
            -93.1852386,
            44.4584295
          ],
          [
            -93.1852232,
            44.4584675
          ],
          [
            -93.1852321,
            44.4585489
          ],
          [
            -93.1852504,
            44.4586296
          ],
          [
            -93.1852779,
            44.4587089
          ],
          [
            -93.1853145,
            44.4587862
          ],
          [
            -93.1853599,
            44.4588612
          ],
          [
            -93.1854139,
            44.4589332
          ],
          [
            -93.1854861,
            44.4590432
          ],
          [
            -93.1855661,
            44.4591504
          ],
          [
            -93.1856538,
            44.4592546
          ],
          [
            -93.1857489,
            44.4593553
          ],
          [
            -93.1858511,
            44.4594523
          ],
          [
            -93.1859602,
            44.4595455
          ]
        ]
      }
    },
    {
      "type": "Feature",
      "properties": {
        "FID": 6,
        "NAME": "Prairie Loop",
        "Type": "Wide Unpaved Trail",
        "_layer": "Natural Lands Segments"
      },
      "geometry": {
        "type": "LineString",
        "coordinates": [
          [
            -93.1857678,
            44.4689304
          ],
          [
            -93.1858217,
            44.4690664
          ],
          [
            -93.1858431,
            44.4691523
          ],
          [
            -93.1858723,
            44.469199
          ],
          [
            -93.1859258,
            44.4692232
          ],
          [
            -93.1860618,
            44.4692216
          ],
          [
            -93.1862954,
            44.4692188
          ],
          [
            -93.1864802,
            44.4692053
          ],
          [
            -93.1866288,
            44.469218
          ],
          [
            -93.1867559,
            44.4692504
          ],
          [
            -93.1868966,
            44.4692715
          ],
          [
            -93.1870447,
            44.4692841
          ],
          [
            -93.1871987,
            44.4692958
          ],
          [
            -93.1873466,
            44.4693265
          ],
          [
            -93.1874821,
            44.4693805
          ],
          [
            -93.1876689,
            44.4694606
          ],
          [
            -93.1877985,
            44.4695449
          ],
          [
            -93.1880076,
            44.4696912
          ],
          [
            -93.1880683,
            44.4697267
          ],
          [
            -93.1881282,
            44.4697407
          ],
          [
            -93.1881809,
            44.4697502
          ],
          [
            -93.1883022,
            44.4697719
          ],
          [
            -93.1883876,
            44.4698044
          ],
          [
            -93.1884763,
            44.4698516
          ],
          [
            -93.1885637,
            44.4699383
          ],
          [
            -93.1886667,
            44.4700054
          ],
          [
            -93.1887576,
            44.4700869
          ],
          [
            -93.1888591,
            44.4701461
          ],
          [
            -93.1889843,
            44.4701998
          ],
          [
            -93.1891158,
            44.4702514
          ],
          [
            -93.1892768,
            44.4703303
          ],
          [
            -93.1893126,
            44.4703566
          ],
          [
            -93.189346,
            44.4703775
          ],
          [
            -93.18939,
            44.4703959
          ],
          [
            -93.1894356,
            44.4704104
          ],
          [
            -93.1894593,
            44.4704162
          ],
          [
            -93.1894869,
            44.4704219
          ],
          [
            -93.1895198,
            44.4704254
          ],
          [
            -93.1895575,
            44.4704283
          ],
          [
            -93.1896053,
            44.4704248
          ],
          [
            -93.1896621,
            44.4704157
          ],
          [
            -93.1897315,
            44.4703988
          ],
          [
            -93.1897945,
            44.4703888
          ],
          [
            -93.1899205,
            44.47037
          ],
          [
            -93.1900342,
            44.4703491
          ],
          [
            -93.1901382,
            44.4703348
          ],
          [
            -93.1902082,
            44.4703208
          ],
          [
            -93.1902808,
            44.4703155
          ],
          [
            -93.1903552,
            44.4703191
          ],
          [
            -93.1904221,
            44.4703311
          ],
          [
            -93.1905033,
            44.4703485
          ],
          [
            -93.1905863,
            44.4703736
          ],
          [
            -93.1906782,
            44.4704058
          ],
          [
            -93.1908079,
            44.4704535
          ],
          [
            -93.1909104,
            44.4704974
          ],
          [
            -93.1910088,
            44.4705378
          ],
          [
            -93.1910757,
            44.4705698
          ],
          [
            -93.1911199,
            44.4705925
          ],
          [
            -93.1911871,
            44.4706069
          ],
          [
            -93.1912599,
            44.4706153
          ],
          [
            -93.1913199,
            44.4706094
          ],
          [
            -93.1913773,
            44.4706002
          ],
          [
            -93.1914468,
            44.4705891
          ],
          [
            -93.1915297,
            44.470552
          ],
          [
            -93.1916124,
            44.4705166
          ],
          [
            -93.1916495,
            44.4704955
          ],
          [
            -93.1916866,
            44.4704745
          ],
          [
            -93.1917588,
            44.4704246
          ],
          [
            -93.1918238,
            44.4703701
          ],
          [
            -93.1918879,
            44.4703057
          ],
          [
            -93.191934,
            44.4702477
          ],
          [
            -93.1919583,
            44.4702144
          ],
          [
            -93.1919808,
            44.4701835
          ],
          [
            -93.1920198,
            44.4701167
          ],
          [
            -93.1920378,
            44.4700732
          ],
          [
            -93.1920701,
            44.4700326
          ],
          [
            -93.192117,
            44.4699933
          ],
          [
            -93.1921686,
            44.4699702
          ],
          [
            -93.1922287,
            44.4699442
          ],
          [
            -93.1922989,
            44.4699241
          ],
          [
            -93.1923647,
            44.4699059
          ],
          [
            -93.1924149,
            44.4698902
          ],
          [
            -93.192479,
            44.4698725
          ],
          [
            -93.1925289,
            44.4698563
          ],
          [
            -93.1926003,
            44.4698275
          ],
          [
            -93.1926506,
            44.4698136
          ],
          [
            -93.1927032,
            44.4698052
          ],
          [
            -93.1927569,
            44.4698025
          ],
          [
            -93.1928107,
            44.4698055
          ],
          [
            -93.1928632,
            44.4698143
          ],
          [
            -93.1929133,
            44.4698285
          ],
          [
            -93.1929598,
            44.469848
          ],
          [
            -93.1930163,
            44.4698694
          ],
          [
            -93.1931006,
            44.4698986
          ],
          [
            -93.1931816,
            44.4699459
          ],
          [
            -93.1932393,
            44.4699735
          ],
          [
            -93.1932893,
            44.4699993
          ],
          [
            -93.19334,
            44.4700154
          ],
          [
            -93.1933838,
            44.4700307
          ],
          [
            -93.1934365,
            44.4700405
          ],
          [
            -93.1934739,
            44.470048
          ],
          [
            -93.1935166,
            44.4700499
          ],
          [
            -93.1935586,
            44.4700478
          ],
          [
            -93.1936161,
            44.4700423
          ],
          [
            -93.1936755,
            44.4700363
          ],
          [
            -93.1937291,
            44.470031
          ],
          [
            -93.1937907,
            44.470025
          ],
          [
            -93.1938431,
            44.4700212
          ],
          [
            -93.1939042,
            44.4700138
          ],
          [
            -93.1939611,
            44.4700232
          ],
          [
            -93.194017,
            44.4700344
          ],
          [
            -93.1940727,
            44.4700421
          ],
          [
            -93.1941348,
            44.4700588
          ],
          [
            -93.1942042,
            44.4700832
          ],
          [
            -93.1943075,
            44.4701104
          ],
          [
            -93.1943748,
            44.4701182
          ],
          [
            -93.1944139,
            44.4701176
          ],
          [
            -93.1944507,
            44.4701171
          ],
          [
            -93.1944934,
            44.4701119
          ],
          [
            -93.1945234,
            44.4701098
          ],
          [
            -93.1945645,
            44.4701032
          ],
          [
            -93.1946047,
            44.4700934
          ],
          [
            -93.1946669,
            44.4700732
          ],
          [
            -93.19472,
            44.470048
          ],
          [
            -93.1947573,
            44.470029
          ],
          [
            -93.1947882,
            44.4700101
          ],
          [
            -93.19482,
            44.4699881
          ],
          [
            -93.1948536,
            44.4699631
          ],
          [
            -93.1949295,
            44.4699106
          ],
          [
            -93.1949973,
            44.469876
          ],
          [
            -93.1950815,
            44.4698498
          ],
          [
            -93.1951552,
            44.4698318
          ],
          [
            -93.1952333,
            44.4698211
          ],
          [
            -93.1953458,
            44.4698201
          ],
          [
            -93.1954403,
            44.4698376
          ],
          [
            -93.1955325,
            44.4698608
          ],
          [
            -93.1956216,
            44.4698895
          ],
          [
            -93.1957069,
            44.4699235
          ],
          [
            -93.1957879,
            44.4699625
          ],
          [
            -93.195828,
            44.4699891
          ],
          [
            -93.1958738,
            44.4700159
          ],
          [
            -93.1959251,
            44.470037
          ],
          [
            -93.1959804,
            44.4700518
          ],
          [
            -93.1960322,
            44.4700655
          ],
          [
            -93.1960885,
            44.4700735
          ],
          [
            -93.1961301,
            44.4700756
          ],
          [
            -93.1961706,
            44.4700691
          ],
          [
            -93.1962005,
            44.4700557
          ],
          [
            -93.1962301,
            44.4700429
          ],
          [
            -93.1962486,
            44.4700297
          ],
          [
            -93.1962733,
            44.4700143
          ],
          [
            -93.1963054,
            44.4699942
          ],
          [
            -93.1963309,
            44.4699753
          ],
          [
            -93.1963601,
            44.4699508
          ],
          [
            -93.196392,
            44.4699141
          ],
          [
            -93.1964276,
            44.4698732
          ],
          [
            -93.1964824,
            44.46981
          ],
          [
            -93.196536,
            44.4697548
          ],
          [
            -93.1966119,
            44.4697075
          ],
          [
            -93.1966934,
            44.4696688
          ],
          [
            -93.1967797,
            44.469636
          ],
          [
            -93.19687,
            44.4696093
          ],
          [
            -93.1969573,
            44.4695793
          ],
          [
            -93.1970526,
            44.4695561
          ],
          [
            -93.1971519,
            44.4695277
          ],
          [
            -93.1972542,
            44.4695174
          ],
          [
            -93.1973017,
            44.4695108
          ],
          [
            -93.1973523,
            44.4695102
          ],
          [
            -93.1974094,
            44.4695151
          ],
          [
            -93.1974753,
            44.4695283
          ],
          [
            -93.1975284,
            44.4695414
          ],
          [
            -93.1975916,
            44.4695584
          ],
          [
            -93.1976419,
            44.4695707
          ],
          [
            -93.197686,
            44.469578
          ],
          [
            -93.1977206,
            44.4695835
          ],
          [
            -93.1977675,
            44.4695847
          ],
          [
            -93.1978106,
            44.4695782
          ],
          [
            -93.1978531,
            44.4695657
          ],
          [
            -93.1979046,
            44.469545
          ],
          [
            -93.1979746,
            44.4695256
          ],
          [
            -93.1980392,
            44.4695099
          ],
          [
            -93.1981036,
            44.4695034
          ],
          [
            -93.1981732,
            44.4695051
          ],
          [
            -93.1982366,
            44.4695122
          ],
          [
            -93.1983036,
            44.4695197
          ],
          [
            -93.1983536,
            44.469528
          ],
          [
            -93.1984146,
            44.4695371
          ],
          [
            -93.198473,
            44.4695454
          ],
          [
            -93.1985571,
            44.4695548
          ],
          [
            -93.1986353,
            44.4695541
          ],
          [
            -93.198708,
            44.4695504
          ],
          [
            -93.1987851,
            44.4695428
          ],
          [
            -93.1988261,
            44.4695339
          ],
          [
            -93.1988628,
            44.4695214
          ],
          [
            -93.1989022,
            44.4695043
          ],
          [
            -93.1989492,
            44.4694803
          ],
          [
            -93.1989984,
            44.4694583
          ],
          [
            -93.1990516,
            44.4694293
          ],
          [
            -93.1990917,
            44.4694074
          ],
          [
            -93.1991264,
            44.4693816
          ],
          [
            -93.1991658,
            44.469352
          ],
          [
            -93.1991985,
            44.4693247
          ],
          [
            -93.1992297,
            44.4692878
          ],
          [
            -93.1992579,
            44.4692507
          ],
          [
            -93.1992779,
            44.4692073
          ],
          [
            -93.199293,
            44.469171
          ],
          [
            -93.1993185,
            44.4691264
          ],
          [
            -93.1993451,
            44.4690808
          ],
          [
            -93.1993634,
            44.4690367
          ],
          [
            -93.1993798,
            44.4690009
          ],
          [
            -93.1994129,
            44.4689442
          ],
          [
            -93.1994266,
            44.4689058
          ],
          [
            -93.1994293,
            44.4688612
          ],
          [
            -93.1994275,
            44.4688134
          ],
          [
            -93.1994199,
            44.4687707
          ],
          [
            -93.1994197,
            44.468742
          ],
          [
            -93.1994196,
            44.468719
          ],
          [
            -93.1994163,
            44.4686886
          ],
          [
            -93.1994149,
            44.4686538
          ],
          [
            -93.1994254,
            44.468619
          ],
          [
            -93.199459,
            44.4685602
          ],
          [
            -93.1994957,
            44.4684975
          ],
          [
            -93.1995345,
            44.4684442
          ],
          [
            -93.1995625,
            44.4684089
          ],
          [
            -93.199593,
            44.4683671
          ],
          [
            -93.1996043,
            44.4683427
          ],
          [
            -93.1996191,
            44.4683082
          ],
          [
            -93.19963,
            44.4682777
          ],
          [
            -93.199626,
            44.4682419
          ],
          [
            -93.1996082,
            44.4682032
          ],
          [
            -93.1995755,
            44.4681625
          ],
          [
            -93.1995359,
            44.4681394
          ],
          [
            -93.1994814,
            44.468108
          ],
          [
            -93.1994199,
            44.4680827
          ],
          [
            -93.1993682,
            44.4680595
          ],
          [
            -93.1993188,
            44.468025
          ],
          [
            -93.1992686,
            44.4679879
          ],
          [
            -93.1992185,
            44.4679587
          ],
          [
            -93.1991739,
            44.4679236
          ],
          [
            -93.1991431,
            44.4678857
          ],
          [
            -93.1991115,
            44.4678411
          ],
          [
            -93.1990901,
            44.4677948
          ],
          [
            -93.1990725,
            44.4677502
          ],
          [
            -93.1990682,
            44.4676996
          ],
          [
            -93.1990481,
            44.4676476
          ],
          [
            -93.1990314,
            44.4676045
          ],
          [
            -93.1990201,
            44.4675592
          ],
          [
            -93.1989972,
            44.4675297
          ],
          [
            -93.1989697,
            44.4674909
          ],
          [
            -93.1989367,
            44.4674615
          ],
          [
            -93.1988971,
            44.4674323
          ],
          [
            -93.1988561,
            44.4674147
          ],
          [
            -93.1987971,
            44.4673944
          ],
          [
            -93.1987176,
            44.4673757
          ],
          [
            -93.1986511,
            44.4673638
          ],
          [
            -93.1985946,
            44.4673494
          ],
          [
            -93.1985446,
            44.4673377
          ],
          [
            -93.1984786,
            44.4673208
          ],
          [
            -93.1984096,
            44.4673007
          ],
          [
            -93.1983655,
            44.4672808
          ],
          [
            -93.1983083,
            44.4672624
          ],
          [
            -93.1982409,
            44.4672283
          ],
          [
            -93.198174,
            44.4671997
          ],
          [
            -93.1980876,
            44.4671658
          ],
          [
            -93.1980022,
            44.4671246
          ],
          [
            -93.1979112,
            44.4670866
          ],
          [
            -93.1978412,
            44.4670429
          ],
          [
            -93.1977959,
            44.4670033
          ],
          [
            -93.1977519,
            44.4669437
          ],
          [
            -93.1977203,
            44.4669143
          ],
          [
            -93.1976818,
            44.4668859
          ],
          [
            -93.1976162,
            44.4668542
          ],
          [
            -93.1975555,
            44.4668289
          ],
          [
            -93.1974989,
            44.4668123
          ],
          [
            -93.1974405,
            44.4668058
          ],
          [
            -93.1973814,
            44.4668007
          ],
          [
            -93.1972911,
            44.4667978
          ],
          [
            -93.1972545,
            44.4667969
          ],
          [
            -93.1972216,
            44.4667925
          ],
          [
            -93.1971397,
            44.4667692
          ],
          [
            -93.1970802,
            44.4667541
          ],
          [
            -93.1970381,
            44.4667375
          ],
          [
            -93.1969846,
            44.4667191
          ],
          [
            -93.1969269,
            44.4667007
          ],
          [
            -93.1968737,
            44.4666805
          ],
          [
            -93.1968235,
            44.4666577
          ],
          [
            -93.1967706,
            44.4666316
          ],
          [
            -93.1967317,
            44.4666029
          ],
          [
            -93.1966937,
            44.4665586
          ],
          [
            -93.1966696,
            44.4665035
          ],
          [
            -93.1966367,
            44.4664508
          ],
          [
            -93.1965959,
            44.4664002
          ],
          [
            -93.196565,
            44.4663526
          ],
          [
            -93.1965407,
            44.4663267
          ],
          [
            -93.1965163,
            44.4663008
          ],
          [
            -93.1964943,
            44.466271
          ],
          [
            -93.1964638,
            44.4662386
          ],
          [
            -93.1964291,
            44.4662114
          ],
          [
            -93.1963948,
            44.4661844
          ],
          [
            -93.1963464,
            44.4661586
          ],
          [
            -93.1962984,
            44.4661389
          ],
          [
            -93.1962436,
            44.4661233
          ],
          [
            -93.1961783,
            44.4661102
          ],
          [
            -93.1961159,
            44.4660998
          ],
          [
            -93.1960463,
            44.4660968
          ],
          [
            -93.1959253,
            44.4660899
          ],
          [
            -93.1958085,
            44.4660832
          ]
        ]
      }
    },
    {
      "type": "Feature",
      "properties": {
        "FID": 83,
        "NAME": "South West Heath Creek",
        "Type": "Narrow Unpaved Trail",
        "_layer": "Natural Lands Segments"
      },
      "geometry": {
        "type": "LineString",
        "coordinates": [
          [
            -93.1886082,
            44.4500839
          ],
          [
            -93.1885815,
            44.4501033
          ],
          [
            -93.1885643,
            44.4501346
          ],
          [
            -93.1885698,
            44.4501634
          ],
          [
            -93.1885648,
            44.4501944
          ],
          [
            -93.1885518,
            44.4502256
          ],
          [
            -93.1885355,
            44.4502524
          ],
          [
            -93.1885187,
            44.4502766
          ],
          [
            -93.1885133,
            44.4503046
          ],
          [
            -93.1884948,
            44.4503318
          ],
          [
            -93.188469,
            44.4503553
          ],
          [
            -93.1884485,
            44.4503799
          ],
          [
            -93.18843,
            44.4504114
          ],
          [
            -93.1884032,
            44.4504351
          ],
          [
            -93.1883862,
            44.4504633
          ],
          [
            -93.1883772,
            44.4504906
          ],
          [
            -93.1883725,
            44.4505198
          ],
          [
            -93.188337,
            44.4505379
          ],
          [
            -93.1883178,
            44.4505743
          ],
          [
            -93.1882807,
            44.4505936
          ],
          [
            -93.1882505,
            44.4506106
          ],
          [
            -93.1882165,
            44.4506281
          ],
          [
            -93.1882062,
            44.4506584
          ],
          [
            -93.1881932,
            44.4506846
          ],
          [
            -93.188182,
            44.4507258
          ],
          [
            -93.1881665,
            44.4507549
          ],
          [
            -93.1881433,
            44.4507773
          ],
          [
            -93.1881223,
            44.4508018
          ],
          [
            -93.188112,
            44.4508279
          ],
          [
            -93.1880882,
            44.4508491
          ],
          [
            -93.1880792,
            44.4508856
          ],
          [
            -93.1880795,
            44.4509206
          ],
          [
            -93.1880632,
            44.4509483
          ],
          [
            -93.1880747,
            44.4509831
          ],
          [
            -93.1880535,
            44.4510068
          ],
          [
            -93.1880383,
            44.4510329
          ],
          [
            -93.1880025,
            44.4510546
          ],
          [
            -93.1879687,
            44.4510808
          ],
          [
            -93.1879496,
            44.4511068
          ]
        ]
      }
    },
    {
      "type": "Feature",
      "properties": {
        "FID": 54,
        "NAME": "South West Heath Creek 2",
        "Type": "Narrow Unpaved Trail",
        "_layer": "Natural Lands Segments"
      },
      "geometry": {
        "type": "LineString",
        "coordinates": [
          [
            -93.1886218,
            44.4500536
          ],
          [
            -93.1886463,
            44.4500793
          ],
          [
            -93.188682,
            44.4500939
          ],
          [
            -93.1887242,
            44.4500889
          ],
          [
            -93.1887617,
            44.4500761
          ],
          [
            -93.1887915,
            44.4500476
          ],
          [
            -93.1888062,
            44.4500213
          ],
          [
            -93.1887882,
            44.4499939
          ],
          [
            -93.1887673,
            44.4499688
          ],
          [
            -93.188738,
            44.4499423
          ],
          [
            -93.1887067,
            44.4499194
          ],
          [
            -93.1887017,
            44.4498871
          ],
          [
            -93.188721,
            44.4498628
          ],
          [
            -93.1887532,
            44.4498369
          ],
          [
            -93.1887797,
            44.4498108
          ],
          [
            -93.1888135,
            44.4497874
          ],
          [
            -93.1888553,
            44.4497789
          ],
          [
            -93.1888913,
            44.4497656
          ],
          [
            -93.1889193,
            44.4497444
          ],
          [
            -93.1889577,
            44.4497221
          ],
          [
            -93.1889887,
            44.4496931
          ],
          [
            -93.1890105,
            44.4496688
          ],
          [
            -93.1890293,
            44.4496378
          ],
          [
            -93.1890417,
            44.4496119
          ],
          [
            -93.1890703,
            44.4495829
          ],
          [
            -93.1890982,
            44.4495641
          ],
          [
            -93.1890903,
            44.4495238
          ],
          [
            -93.1891207,
            44.4494976
          ],
          [
            -93.1891623,
            44.4494823
          ],
          [
            -93.18921,
            44.4494721
          ],
          [
            -93.1892393,
            44.4494549
          ],
          [
            -93.1892722,
            44.4494368
          ],
          [
            -93.1893097,
            44.4494184
          ],
          [
            -93.1893443,
            44.4493918
          ],
          [
            -93.189378,
            44.4493734
          ],
          [
            -93.1894102,
            44.4493593
          ],
          [
            -93.1893967,
            44.4493334
          ],
          [
            -93.1894247,
            44.4493146
          ],
          [
            -93.1894063,
            44.4492886
          ],
          [
            -93.1893613,
            44.4492881
          ],
          [
            -93.1893213,
            44.4492861
          ],
          [
            -93.1892778,
            44.4492841
          ],
          [
            -93.1892338,
            44.4492779
          ],
          [
            -93.1891987,
            44.4492664
          ],
          [
            -93.1891628,
            44.4492533
          ],
          [
            -93.1891215,
            44.4492476
          ],
          [
            -93.1890835,
            44.4492553
          ],
          [
            -93.1890463,
            44.4492669
          ],
          [
            -93.1890098,
            44.4492781
          ],
          [
            -93.1889713,
            44.4492888
          ],
          [
            -93.1889383,
            44.4493124
          ],
          [
            -93.1889143,
            44.4493333
          ],
          [
            -93.1888828,
            44.4493488
          ],
          [
            -93.1888555,
            44.4493683
          ],
          [
            -93.1888415,
            44.4493968
          ],
          [
            -93.1888092,
            44.4494236
          ],
          [
            -93.1887871,
            44.4494343
          ]
        ]
      }
    },
    {
      "type": "Feature",
      "properties": {
        "FID": 86,
        "NAME": "South West Heath Creek 3",
        "Type": "Narrow Unpaved Trail",
        "_layer": "Natural Lands Segments"
      },
      "geometry": {
        "type": "LineString",
        "coordinates": [
          [
            -93.1887811,
            44.4494365
          ],
          [
            -93.1887045,
            44.4494649
          ],
          [
            -93.1886688,
            44.4494785
          ],
          [
            -93.1885239,
            44.4495609
          ],
          [
            -93.1884193,
            44.4496011
          ],
          [
            -93.1883281,
            44.4495838
          ],
          [
            -93.1882799,
            44.4495111
          ],
          [
            -93.1883684,
            44.4493655
          ],
          [
            -93.1886017,
            44.4492449
          ],
          [
            -93.1888538,
            44.4491626
          ],
          [
            -93.1890872,
            44.4490381
          ],
          [
            -93.1891335,
            44.4490152
          ]
        ]
      }
    },
    {
      "type": "Feature",
      "properties": {
        "FID": 20,
        "NAME": "South West Heath Creek 4",
        "Type": "Narrow Unpaved Trail",
        "_layer": "Natural Lands Segments"
      },
      "geometry": {
        "type": "LineString",
        "coordinates": [
          [
            -93.1890884,
            44.449039
          ],
          [
            -93.1891367,
            44.4490213
          ],
          [
            -93.1891668,
            44.4490018
          ],
          [
            -93.1892077,
            44.4489769
          ],
          [
            -93.1892485,
            44.4489589
          ],
          [
            -93.1892847,
            44.4489358
          ],
          [
            -93.1893153,
            44.4489141
          ],
          [
            -93.1893472,
            44.4488934
          ],
          [
            -93.189379,
            44.4488701
          ],
          [
            -93.189424,
            44.4488609
          ],
          [
            -93.1894643,
            44.4488554
          ],
          [
            -93.1895045,
            44.4488394
          ],
          [
            -93.1895385,
            44.4488271
          ],
          [
            -93.1895807,
            44.4488246
          ],
          [
            -93.1896232,
            44.4488068
          ],
          [
            -93.1896683,
            44.4487903
          ],
          [
            -93.1897133,
            44.4487784
          ],
          [
            -93.1897552,
            44.4487571
          ],
          [
            -93.1897965,
            44.4487436
          ],
          [
            -93.1898417,
            44.4487381
          ],
          [
            -93.1898738,
            44.4487206
          ],
          [
            -93.189909,
            44.4487051
          ],
          [
            -93.1899377,
            44.4486826
          ],
          [
            -93.1899602,
            44.4486574
          ],
          [
            -93.1899938,
            44.4486326
          ],
          [
            -93.1900315,
            44.4486184
          ],
          [
            -93.1900717,
            44.4486083
          ],
          [
            -93.1901028,
            44.4485843
          ],
          [
            -93.1901428,
            44.4485624
          ],
          [
            -93.1901775,
            44.4485426
          ],
          [
            -93.1901973,
            44.4485151
          ],
          [
            -93.1902092,
            44.4484869
          ],
          [
            -93.1902047,
            44.4484581
          ],
          [
            -93.1901977,
            44.4484268
          ],
          [
            -93.1902158,
            44.4483978
          ],
          [
            -93.1902282,
            44.4483719
          ],
          [
            -93.1902113,
            44.4483433
          ],
          [
            -93.1901847,
            44.4483183
          ],
          [
            -93.1901773,
            44.4482906
          ],
          [
            -93.190159,
            44.4482599
          ],
          [
            -93.1901415,
            44.4482304
          ],
          [
            -93.1901147,
            44.4482038
          ],
          [
            -93.1900803,
            44.4481856
          ],
          [
            -93.1900482,
            44.4481659
          ],
          [
            -93.1900213,
            44.4481444
          ],
          [
            -93.1899867,
            44.4481256
          ],
          [
            -93.189949,
            44.4481046
          ],
          [
            -93.1899083,
            44.4480916
          ],
          [
            -93.1898613,
            44.4480939
          ],
          [
            -93.1898202,
            44.4481113
          ],
          [
            -93.1897875,
            44.4481346
          ],
          [
            -93.1897702,
            44.4481633
          ],
          [
            -93.1897825,
            44.4481899
          ],
          [
            -93.189773,
            44.4482174
          ],
          [
            -93.1897433,
            44.4482348
          ],
          [
            -93.1897083,
            44.4482458
          ],
          [
            -93.1896708,
            44.4482363
          ],
          [
            -93.1896287,
            44.4482203
          ],
          [
            -93.1896027,
            44.4481989
          ],
          [
            -93.189571,
            44.4481831
          ],
          [
            -93.1895235,
            44.4481769
          ],
          [
            -93.1894792,
            44.4481784
          ],
          [
            -93.1894752,
            44.4481441
          ],
          [
            -93.189494,
            44.4481146
          ],
          [
            -93.1895092,
            44.4480826
          ],
          [
            -93.1895065,
            44.4480529
          ],
          [
            -93.189492,
            44.4480258
          ],
          [
            -93.189482,
            44.4479988
          ],
          [
            -93.18947,
            44.4479654
          ],
          [
            -93.1894402,
            44.4479396
          ],
          [
            -93.1894041,
            44.4479283
          ],
          [
            -93.1893705,
            44.4479161
          ],
          [
            -93.1893455,
            44.4479183
          ]
        ]
      }
    },
    {
      "type": "Feature",
      "properties": {
        "FID": 21,
        "NAME": "South West Heath Creek 5",
        "Type": "Narrow Unpaved Trail",
        "_layer": "Natural Lands Segments"
      },
      "geometry": {
        "type": "LineString",
        "coordinates": [
          [
            -93.1893455,
            44.4479183
          ],
          [
            -93.1893138,
            44.4479241
          ],
          [
            -93.1892772,
            44.4479311
          ],
          [
            -93.189236,
            44.4479353
          ],
          [
            -93.1891917,
            44.4479368
          ],
          [
            -93.189149,
            44.4479484
          ],
          [
            -93.1891115,
            44.4479608
          ],
          [
            -93.1890738,
            44.4479556
          ],
          [
            -93.1890405,
            44.4479303
          ],
          [
            -93.189024,
            44.4478991
          ],
          [
            -93.189005,
            44.4478714
          ],
          [
            -93.1889788,
            44.4478459
          ],
          [
            -93.1889443,
            44.4478223
          ],
          [
            -93.1889062,
            44.4478051
          ],
          [
            -93.1888783,
            44.4477846
          ],
          [
            -93.1888385,
            44.4477711
          ],
          [
            -93.1887872,
            44.4477653
          ],
          [
            -93.1887438,
            44.4477581
          ],
          [
            -93.1887058,
            44.4477501
          ],
          [
            -93.1886692,
            44.4477316
          ],
          [
            -93.1886327,
            44.4477191
          ],
          [
            -93.1885917,
            44.4477046
          ],
          [
            -93.1885475,
            44.4476936
          ],
          [
            -93.1885072,
            44.4476939
          ],
          [
            -93.1884615,
            44.4476831
          ],
          [
            -93.1884187,
            44.4476849
          ],
          [
            -93.1883785,
            44.4476926
          ],
          [
            -93.1883333,
            44.4476889
          ],
          [
            -93.1882967,
            44.4476806
          ],
          [
            -93.1882555,
            44.4476713
          ],
          [
            -93.1882048,
            44.4476596
          ],
          [
            -93.1881565,
            44.4476558
          ],
          [
            -93.1881155,
            44.4476578
          ],
          [
            -93.1880652,
            44.4476613
          ],
          [
            -93.188024,
            44.4476501
          ],
          [
            -93.1879805,
            44.4476349
          ],
          [
            -93.1879435,
            44.4476221
          ],
          [
            -93.1879113,
            44.4476074
          ],
          [
            -93.1878747,
            44.4475994
          ]
        ]
      }
    },
    {
      "type": "Feature",
      "properties": {
        "FID": 22,
        "NAME": "South West Heath Creek 6",
        "Type": "Narrow Unpaved Trail",
        "_layer": "Natural Lands Segments"
      },
      "geometry": {
        "type": "LineString",
        "coordinates": [
          [
            -93.1878452,
            44.4475718
          ],
          [
            -93.1878128,
            44.4475456
          ],
          [
            -93.1877835,
            44.4475284
          ],
          [
            -93.1877525,
            44.4475079
          ],
          [
            -93.1877268,
            44.4474861
          ],
          [
            -93.1877048,
            44.4474623
          ],
          [
            -93.187674,
            44.4474389
          ],
          [
            -93.187635,
            44.4474154
          ],
          [
            -93.1876015,
            44.4473911
          ],
          [
            -93.1875778,
            44.4473661
          ],
          [
            -93.187552,
            44.4473434
          ],
          [
            -93.1875208,
            44.4473206
          ],
          [
            -93.1874937,
            44.4472953
          ],
          [
            -93.187458,
            44.4472766
          ],
          [
            -93.1874175,
            44.4472686
          ],
          [
            -93.1873872,
            44.4472496
          ],
          [
            -93.1873729,
            44.4472123
          ],
          [
            -93.1873658,
            44.4471665
          ],
          [
            -93.1873397,
            44.447124
          ]
        ]
      }
    },
    {
      "type": "Feature",
      "properties": {
        "FID": 90,
        "NAME": "Southern Heath Creek",
        "Type": "Wide Unpaved Trail",
        "_layer": "Natural Lands Segments"
      },
      "geometry": {
        "type": "LineString",
        "coordinates": [
          [
            -93.1878112,
            44.4512514
          ],
          [
            -93.1878158,
            44.4512266
          ],
          [
            -93.1878192,
            44.4511914
          ],
          [
            -93.1878167,
            44.4511636
          ],
          [
            -93.1878167,
            44.4511504
          ],
          [
            -93.1878167,
            44.4511273
          ],
          [
            -93.1878108,
            44.4510948
          ],
          [
            -93.1878028,
            44.4510619
          ],
          [
            -93.1877988,
            44.4510568
          ],
          [
            -93.1877983,
            44.4510543
          ],
          [
            -93.1877745,
            44.4510133
          ],
          [
            -93.1877373,
            44.4509492
          ],
          [
            -93.1877357,
            44.4509471
          ],
          [
            -93.1877318,
            44.4509398
          ],
          [
            -93.1877071,
            44.4508973
          ],
          [
            -93.1877127,
            44.4508712
          ],
          [
            -93.1877554,
            44.4506713
          ],
          [
            -93.1877517,
            44.4506065
          ],
          [
            -93.1877575,
            44.4505879
          ],
          [
            -93.1877512,
            44.4505509
          ],
          [
            -93.1877476,
            44.4505353
          ],
          [
            -93.1877433,
            44.4505164
          ],
          [
            -93.1877453,
            44.4504944
          ],
          [
            -93.1877463,
            44.4504826
          ],
          [
            -93.187765,
            44.4504573
          ],
          [
            -93.1877825,
            44.4504243
          ],
          [
            -93.1877839,
            44.4504073
          ],
          [
            -93.1877848,
            44.4503958
          ],
          [
            -93.1877833,
            44.4503636
          ],
          [
            -93.1877935,
            44.4503429
          ],
          [
            -93.1877875,
            44.4503277
          ],
          [
            -93.1877554,
            44.4502463
          ],
          [
            -93.1877484,
            44.4501975
          ],
          [
            -93.1877423,
            44.450109
          ],
          [
            -93.1878559,
            44.4500147
          ],
          [
            -93.1878615,
            44.4500027
          ],
          [
            -93.1879068,
            44.4499049
          ],
          [
            -93.1879032,
            44.449828
          ],
          [
            -93.1878586,
            44.4497957
          ],
          [
            -93.187833,
            44.4497772
          ],
          [
            -93.1877595,
            44.4496823
          ],
          [
            -93.1877365,
            44.4495913
          ],
          [
            -93.1877273,
            44.4495513
          ],
          [
            -93.1875798,
            44.4494881
          ],
          [
            -93.187333,
            44.449467
          ],
          [
            -93.187046,
            44.4495226
          ],
          [
            -93.1868341,
            44.449534
          ],
          [
            -93.1867,
            44.4494172
          ],
          [
            -93.1867134,
            44.449266
          ],
          [
            -93.1867912,
            44.4491224
          ],
          [
            -93.1869817,
            44.4490228
          ],
          [
            -93.1871855,
            44.4489749
          ],
          [
            -93.1873143,
            44.4488428
          ],
          [
            -93.1872794,
            44.448705
          ],
          [
            -93.1871587,
            44.4485996
          ],
          [
            -93.187089,
            44.4485173
          ],
          [
            -93.18709,
            44.4485122
          ],
          [
            -93.1871077,
            44.4484292
          ],
          [
            -93.1872073,
            44.4483533
          ],
          [
            -93.1872789,
            44.4482781
          ],
          [
            -93.1873152,
            44.4482004
          ],
          [
            -93.18731,
            44.4481337
          ],
          [
            -93.1872817,
            44.4481148
          ],
          [
            -93.187227,
            44.4480782
          ],
          [
            -93.1871648,
            44.4480338
          ],
          [
            -93.1870818,
            44.4479634
          ],
          [
            -93.1869988,
            44.4479264
          ],
          [
            -93.1869158,
            44.447856
          ],
          [
            -93.1868899,
            44.447782
          ],
          [
            -93.1868847,
            44.4477301
          ],
          [
            -93.1869677,
            44.4476635
          ],
          [
            -93.1870403,
            44.4476339
          ],
          [
            -93.1871113,
            44.4475784
          ],
          [
            -93.1871083,
            44.4475737
          ],
          [
            -93.1871098,
            44.4475322
          ],
          [
            -93.1871319,
            44.447491
          ],
          [
            -93.1872499,
            44.4474546
          ],
          [
            -93.1873599,
            44.4474661
          ],
          [
            -93.1874779,
            44.4474527
          ],
          [
            -93.1875705,
            44.4474169
          ],
          [
            -93.1876039,
            44.4473955
          ],
          [
            -93.1876058,
            44.4473942
          ],
          [
            -93.1876162,
            44.4474018
          ]
        ]
      }
    },
    {
      "type": "Feature",
      "properties": {
        "FID": 3,
        "NAME": "Windmill Trail",
        "Type": "Wide Unpaved Trail",
        "_layer": "Natural Lands Segments"
      },
      "geometry": {
        "type": "MultiLineString",
        "coordinates": [
          [
            [
              -93.1939268,
              44.4635215
            ],
            [
              -93.1940632,
              44.4635247
            ],
            [
              -93.1941314,
              44.4635159
            ],
            [
              -93.1942108,
              44.4634933
            ],
            [
              -93.1942791,
              44.4634759
            ]
          ],
          [
            [
              -93.1951852,
              44.4641315
            ],
            [
              -93.1951916,
              44.4641097
            ],
            [
              -93.1951832,
              44.464083
            ],
            [
              -93.1951647,
              44.4640578
            ],
            [
              -93.1951647,
              44.4640255
            ],
            [
              -93.1951456,
              44.4639949
            ],
            [
              -93.1951191,
              44.4639523
            ],
            [
              -93.195095,
              44.4639194
            ],
            [
              -93.1950816,
              44.4638765
            ],
            [
              -93.1950767,
              44.4638546
            ],
            [
              -93.1950624,
              44.463822
            ],
            [
              -93.1950397,
              44.4637937
            ],
            [
              -93.1949856,
              44.4637661
            ],
            [
              -93.1949113,
              44.4637589
            ],
            [
              -93.1948622,
              44.4637491
            ],
            [
              -93.1947858,
              44.463745
            ],
            [
              -93.1947145,
              44.4637452
            ],
            [
              -93.1946476,
              44.4637455
            ],
            [
              -93.1946008,
              44.4637542
            ],
            [
              -93.1945463,
              44.4637582
            ],
            [
              -93.1944976,
              44.4637526
            ],
            [
              -93.1944425,
              44.4637299
            ],
            [
              -93.1944152,
              44.4637167
            ],
            [
              -93.1943938,
              44.4637007
            ],
            [
              -93.1943699,
              44.4636682
            ],
            [
              -93.1943539,
              44.4636383
            ],
            [
              -93.1943476,
              44.46361
            ],
            [
              -93.1943424,
              44.463571
            ],
            [
              -93.19434,
              44.463536
            ],
            [
              -93.1943436,
              44.4635046
            ],
            [
              -93.1943542,
              44.463468
            ],
            [
              -93.1943155,
              44.4634635
            ],
            [
              -93.1942791,
              44.4634759
            ],
            [
              -93.1943152,
              44.4634635
            ],
            [
              -93.1943155,
              44.4634635
            ],
            [
              -93.1943173,
              44.4634629
            ],
            [
              -93.1943542,
              44.463468
            ],
            [
              -93.1943922,
              44.4634014
            ],
            [
              -93.1944287,
              44.463369
            ],
            [
              -93.1944592,
              44.4633506
            ],
            [
              -93.1944904,
              44.463323
            ],
            [
              -93.1945359,
              44.4632806
            ],
            [
              -93.1945754,
              44.4632586
            ],
            [
              -93.1946146,
              44.4632272
            ],
            [
              -93.1946402,
              44.4631997
            ],
            [
              -93.1946736,
              44.4631753
            ],
            [
              -93.194715,
              44.4631503
            ],
            [
              -93.1947553,
              44.4631278
            ],
            [
              -93.1947906,
              44.4631167
            ],
            [
              -93.1948195,
              44.4631005
            ],
            [
              -93.1948643,
              44.4630784
            ],
            [
              -93.1948904,
              44.4630593
            ],
            [
              -93.1949122,
              44.4630433
            ],
            [
              -93.1949326,
              44.4630157
            ],
            [
              -93.1949441,
              44.4629955
            ],
            [
              -93.1949528,
              44.4629659
            ],
            [
              -93.1949578,
              44.4629226
            ],
            [
              -93.1949749,
              44.4628852
            ],
            [
              -93.1949787,
              44.4628483
            ],
            [
              -93.1949907,
              44.4628054
            ],
            [
              -93.1949869,
              44.4627648
            ],
            [
              -93.1949754,
              44.4627386
            ],
            [
              -93.1949441,
              44.4627086
            ],
            [
              -93.1949198,
              44.4626841
            ],
            [
              -93.1948905,
              44.4626579
            ],
            [
              -93.1948813,
              44.4626412
            ],
            [
              -93.1948846,
              44.4626088
            ],
            [
              -93.1948927,
              44.4625913
            ],
            [
              -93.1949049,
              44.4625697
            ],
            [
              -93.1949229,
              44.4625505
            ],
            [
              -93.1949383,
              44.4625296
            ],
            [
              -93.1949558,
              44.4625109
            ],
            [
              -93.1949764,
              44.4624889
            ],
            [
              -93.1949785,
              44.46247
            ],
            [
              -93.1949906,
              44.4624489
            ],
            [
              -93.1949983,
              44.4624214
            ],
            [
              -93.1949952,
              44.4623885
            ],
            [
              -93.1949859,
              44.4623587
            ],
            [
              -93.1949765,
              44.4623288
            ],
            [
              -93.194966,
              44.4622953
            ],
            [
              -93.1949576,
              44.4622574
            ],
            [
              -93.1949484,
              44.4622162
            ],
            [
              -93.1949534,
              44.462168
            ],
            [
              -93.1949624,
              44.4621276
            ],
            [
              -93.1949624,
              44.4620898
            ],
            [
              -93.1949624,
              44.4620571
            ],
            [
              -93.1949563,
              44.4620297
            ],
            [
              -93.1949339,
              44.4619991
            ],
            [
              -93.1948796,
              44.4619395
            ],
            [
              -93.1948179,
              44.4618955
            ],
            [
              -93.194738,
              44.4618241
            ],
            [
              -93.1946851,
              44.4617769
            ],
            [
              -93.1946251,
              44.4617295
            ],
            [
              -93.1945791,
              44.4616933
            ],
            [
              -93.1944645,
              44.4616136
            ],
            [
              -93.1943429,
              44.4615177
            ],
            [
              -93.1942963,
              44.4614761
            ],
            [
              -93.1942501,
              44.4614431
            ],
            [
              -93.1942285,
              44.4614137
            ],
            [
              -93.1941995,
              44.4613741
            ],
            [
              -93.1941611,
              44.4613087
            ],
            [
              -93.194111,
              44.4612461
            ],
            [
              -93.1940851,
              44.4612021
            ],
            [
              -93.1940497,
              44.4611417
            ],
            [
              -93.1940497,
              44.461089
            ],
            [
              -93.1940631,
              44.4610285
            ],
            [
              -93.1940964,
              44.4609556
            ],
            [
              -93.1941393,
              44.4609096
            ],
            [
              -93.194169,
              44.4608694
            ],
            [
              -93.1941917,
              44.4608332
            ],
            [
              -93.194203,
              44.4608041
            ],
            [
              -93.1942169,
              44.460782
            ],
            [
              -93.1942229,
              44.4607553
            ],
            [
              -93.1942251,
              44.4607362
            ],
            [
              -93.194213,
              44.4607144
            ],
            [
              -93.1941977,
              44.4606998
            ],
            [
              -93.1941807,
              44.4606834
            ],
            [
              -93.1941448,
              44.460661
            ],
            [
              -93.1940789,
              44.4606519
            ],
            [
              -93.1940477,
              44.4606396
            ],
            [
              -93.1940178,
              44.460616
            ],
            [
              -93.193989,
              44.4605933
            ],
            [
              -93.1939656,
              44.4605709
            ],
            [
              -93.1939476,
              44.4605484
            ],
            [
              -93.1939093,
              44.460531
            ],
            [
              -93.1938536,
              44.4605002
            ],
            [
              -93.1937801,
              44.4604666
            ],
            [
              -93.1936777,
              44.4604323
            ],
            [
              -93.1935922,
              44.4603972
            ],
            [
              -93.1935322,
              44.4603596
            ],
            [
              -93.1934995,
              44.4603405
            ],
            [
              -93.1934473,
              44.4603162
            ],
            [
              -93.1933718,
              44.4602845
            ],
            [
              -93.1933266,
              44.4602489
            ],
            [
              -93.193281,
              44.4602277
            ],
            [
              -93.1932166,
              44.4602006
            ],
            [
              -93.1931569,
              44.4601708
            ],
            [
              -93.193093,
              44.4601487
            ],
            [
              -93.1930215,
              44.4601344
            ],
            [
              -93.1929674,
              44.4600992
            ],
            [
              -93.1929315,
              44.4600672
            ],
            [
              -93.1928927,
              44.4600325
            ],
            [
              -93.1928408,
              44.4600022
            ],
            [
              -93.1927904,
              44.4599746
            ],
            [
              -93.1927196,
              44.4599392
            ],
            [
              -93.1926566,
              44.4599181
            ],
            [
              -93.1925947,
              44.4598936
            ],
            [
              -93.1925704,
              44.459872
            ],
            [
              -93.1925198,
              44.4598461
            ],
            [
              -93.1924813,
              44.4598158
            ],
            [
              -93.192436,
              44.4597874
            ],
            [
              -93.1923765,
              44.4597598
            ],
            [
              -93.192327,
              44.4597351
            ],
            [
              -93.1922752,
              44.4597086
            ],
            [
              -93.1922232,
              44.4596881
            ],
            [
              -93.1921625,
              44.4596717
            ],
            [
              -93.1921072,
              44.4596531
            ],
            [
              -93.1920561,
              44.4596472
            ],
            [
              -93.1919882,
              44.4596609
            ],
            [
              -93.1919209,
              44.4596754
            ],
            [
              -93.1918329,
              44.4596885
            ],
            [
              -93.1917929,
              44.4596945
            ],
            [
              -93.1917517,
              44.4596946
            ],
            [
              -93.1917175,
              44.4596907
            ],
            [
              -93.1916848,
              44.4596812
            ],
            [
              -93.1916497,
              44.4596828
            ],
            [
              -93.1916094,
              44.459683
            ],
            [
              -93.1915666,
              44.4596807
            ],
            [
              -93.1915432,
              44.4596858
            ],
            [
              -93.1915153,
              44.4596878
            ],
            [
              -93.1914811,
              44.4596903
            ],
            [
              -93.1914515,
              44.4596843
            ],
            [
              -93.1914224,
              44.4596828
            ],
            [
              -93.1913882,
              44.4596838
            ],
            [
              -93.1913524,
              44.4596829
            ],
            [
              -93.1913066,
              44.4596921
            ],
            [
              -93.1912595,
              44.4597009
            ],
            [
              -93.1911978,
              44.4597054
            ],
            [
              -93.1911299,
              44.4597227
            ],
            [
              -93.1910688,
              44.4597433
            ],
            [
              -93.1909912,
              44.4597729
            ],
            [
              -93.1909196,
              44.4598162
            ],
            [
              -93.1908569,
              44.4598622
            ],
            [
              -93.1907863,
              44.4599049
            ],
            [
              -93.190734,
              44.4599608
            ]
          ]
        ]
      }
    }
  ]
}
